Date,Open,High,Low,Close,Adj Close,Volume,high_roll_max,low_roll_min,head_shoulder_pattern,close_roll_max,close_roll_min,multiple_top_bottom_pattern,support,resistance,triangle_pattern,trend_high,trend_low,wedge_pattern,channel_pattern,double_pattern,slope,intercept,signal
2023-01-02,1001.4000244140624,1001.4000244140624,987.2000122070312,997.0,977.393798828125,1616012,,,,,,,,,,,,,,,,,
2023-01-03,993.0,1012.7999877929688,988.0,1009.0999755859376,989.2557373046876,1810117,,,,,,,,,,,,,,,,,
2023-01-04,1012.0,1025.9000244140625,1000.75,1004.0999755859376,984.3541259765624,2573870,1025.9000244140625,987.2000122070312,,1009.0999755859376,997.0,,13146.585190430404,,,1.0,1.0,Wedge Up,Channel Up,,12.099975585937619,996.9999999999999,HH
2023-01-05,1009.0999755859376,1021.9000244140624,1008.25,1016.2000122070312,996.2161865234376,2246533,1025.9000244140625,988.0,Inverse Head and Shoulder,1016.2000122070312,1004.0999755859376,,,-4066.900085449006,Ascending Triangle,1.0,1.0,Wedge Up,Channel Up,Double Bottom,-4.999999999999791,1014.0999755859382,HL
2023-01-06,1015.0,1021.7999877929688,1004.0999755859376,1008.7000122070312,988.8637084960938,1773153,1025.9000244140625,1000.75,Head and Shoulder,1016.2000122070312,1004.0999755859376,,13185.206989746688,,,-1.0,1.0,,,Double Top,12.100036621093896,979.8999023437505,LH
2023-01-09,1015.0,1023.3499755859376,1010.5,1016.8499755859376,996.8533935546876,1567316,1023.3499755859376,1004.0999755859376,,1016.8499755859376,1008.7000122070312,,,-6587.674804687296,Ascending Triangle,1.0,1.0,Wedge Up,Channel Up,Double Bottom,-7.4999999999997975,1038.70001220703,HL
2023-01-10,1016.0,1024.0,1010.0499877929688,1011.8499755859376,991.9517822265624,1607654,1024.0,1004.0999755859376,,1016.8499755859376,1008.7000122070312,,9222.640404664364,,,1.0,1.0,Wedge Up,Channel Up,,8.14996337890663,976.1001586914041,
2023-01-11,1012.0,1033.050048828125,1008.3499755859376,1028.0,1007.7841186523438,3258157,1033.050048828125,1008.3499755859376,,1028.0,1011.8499755859376,,,-4098.150024413706,Ascending Triangle,1.0,-1.0,,,,-4.999999999999651,1041.8499755859352,LL
2023-01-12,1031.949951171875,1035.449951171875,1021.1500244140624,1032.8499755859375,1012.5386962890624,1641398,1035.449951171875,1008.3499755859376,,1032.8499755859375,1011.8499755859376,,17595.502150878176,,Ascending Triangle,1.0,1.0,Wedge Up,Channel Up,Double Bottom,16.15002441406237,914.9498291015632,HL
2023-01-13,1031.1500244140625,1035.0,1020.1500244140624,1031.5999755859375,1011.3132934570312,1491367,1035.449951171875,1008.3499755859376,,1032.8499755859375,1028.0,,5997.284866944207,,,1.0,1.0,Wedge Up,Channel Up,,4.849975585937746,994.0501708984356,LH
2023-01-16,1031.5999755859375,1039.5,1026.0999755859375,1035.449951171875,1015.087646484375,1437532,1039.5,1020.1500244140624,,1035.449951171875,1031.5999755859375,,,-251.46246337902608,Ascending Triangle,1.0,1.0,Wedge Up,Channel Up,,-1.2500000000001166,1042.8499755859384,HH
2023-01-17,1035.449951171875,1036.0,1026.800048828125,1032.699951171875,1012.3916015625,1245848,1039.5,1020.1500244140624,,1035.449951171875,1031.5999755859375,,4972.8197949232845,,,1.0,1.0,Wedge Up,Channel Up,,3.8499755859377123,996.950195312498,LH
2023-01-18,1032.699951171875,1041.5,1030.1500244140625,1040.0999755859375,1019.646240234375,1238451,1041.5,1026.0999755859375,,1040.0999755859375,1032.699951171875,,,-1797.3249816896991,Ascending Triangle,1.0,1.0,Wedge Up,Channel Up,,-2.750000000000239,1062.9499511718773,
2023-01-19,1038.0999755859375,1044.0,1036.0,1040.550048828125,1020.0875244140624,824263,1044.0,1026.800048828125,,1040.550048828125,1032.699951171875,,8651.395447998977,,Ascending Triangle,1.0,1.0,Wedge Up,Channel Up,,7.400024414062247,951.2996826171901,HL
2023-01-20,1044.050048828125,1047.5,1016.8499755859376,1030.3499755859375,1010.0879516601562,2963571,1047.5,1016.8499755859376,,1040.550048828125,1030.3499755859375,,1498.4320507792665,,,1.0,-1.0,,,,0.4500732421873078,1034.6990966796902,LL
2023-01-23,1035.0,1054.9000244140625,1022.5,1049.300048828125,1028.665283203125,2106604,1054.9000244140625,1016.8499755859376,,1049.300048828125,1030.3499755859375,,,-9529.786350101405,Ascending Triangle,1.0,-1.0,,,,-10.200073242187667,1173.151000976564,HH
2023-01-24,1050.0,1050.949951171875,1034.550048828125,1040.699951171875,1020.2343139648438,2088556,1054.9000244140625,1016.8499755859376,Inverse Head and Shoulder,1049.300048828125,1030.3499755859375,,20486.38924804357,,,1.0,1.0,Wedge Up,Channel Up,Double Bottom,18.950073242187766,765.0489501953085,HL
2023-01-25,1030.300048828125,1045.6500244140625,1030.300048828125,1040.050048828125,1019.59716796875,1753333,1054.9000244140625,1022.5,Head and Shoulder,1049.300048828125,1040.050048828125,,,-7766.230473637509,,-1.0,1.0,,,Double Top,-8.60009765624993,1178.3015136718743,LH
2023-01-27,1044.949951171875,1051.0,1034.0,1043.4000244140625,1022.8812255859376,3448013,1051.0,1030.300048828125,,1043.4000244140625,1040.050048828125,,,372.9902673367136,Ascending Triangle,1.0,-1.0,,,,-0.6499023437496638,1051.0983886718693,
2023-01-30,1041.949951171875,1072.1500244140625,1040.199951171875,1051.699951171875,1031.01806640625,3320916,1072.1500244140625,1030.300048828125,,1051.699951171875,1040.050048828125,,4506.269624024469,,Ascending Triangle,1.0,1.0,Wedge Up,Channel Up,,3.3499755859373446,983.10046386719,HL
2023-01-31,1055.0,1060.300048828125,1026.050048828125,1034.5,1014.1563110351562,5265462,1072.1500244140625,1026.050048828125,,1051.699951171875,1034.5,,9480.275573730662,,,1.0,-1.0,,,,8.29992675781269,894.0013427734341,
2023-02-01,1036.449951171875,1043.949951171875,1005.0999755859376,1014.9000244140624,994.9417114257812,4717887,1072.1500244140625,1005.0999755859376,,1051.699951171875,1014.9000244140624,,,-16077.731840819335,,-1.0,-1.0,,,,-17.199951171875217,1378.4990234375039,
2023-02-02,1009.9500122070312,1015.7000122070312,993.0,1007.5999755859376,987.7852783203124,2117181,1060.300048828125,993.0,Head and Shoulder,1034.5,1007.5999755859376,,,-18322.435410157304,,-1.0,-1.0,,,Double Top,-19.599975585937962,1426.49951171876,LH
2023-02-03,1007.0,1032.449951171875,1001.6500244140624,1028.1500244140625,1007.9312133789062,2332076,1043.949951171875,993.0,,1028.1500244140625,1007.5999755859376,,,-6337.344331055845,Ascending Triangle,-1.0,-1.0,,,,-7.300048828124965,1168.2010498046868,HH
2023-02-06,1020.0,1025.949951171875,1012.75,1023.3499755859376,1003.2255859375,1215157,1032.449951171875,993.0,Inverse Head and Shoulder,1028.1500244140625,1007.5999755859376,,21585.390867918395,,,1.0,1.0,Wedge Up,Channel Up,Double Bottom,20.550048828124662,555.4989013671951,HL
2023-02-07,1026.25,1028.5,1002.0,1006.4000244140624,986.6089477539062,2360600,1032.449951171875,1001.6500244140624,,1028.1500244140625,1006.4000244140624,,,-3692.2181103523967,,-1.0,1.0,,,,-4.800048828124637,1138.5511474609289,HH
2023-02-08,1004.7999877929688,1016.9000244140624,997.4000244140624,1013.0,1000.535400390625,1815142,1028.5,997.4000244140624,,1023.3499755859376,1006.4000244140624,,,-15740.151733398616,Ascending Triangle,-1.0,-1.0,,,Double Top,-16.94995117187518,1430.148803710942,LH
2023-02-09,1003.0,1021.2000122070312,1001.4000244140624,1006.7999877929688,994.4116821289062,1474402,1028.5,997.4000244140624,,1013.0,1006.4000244140624,,7486.255974121475,,,-1.0,-1.0,,,,6.599975585937586,841.4006347656226,HL
2023-02-10,1006.7999877929688,1014.3499755859376,996.7000122070312,1006.5999755859376,994.214111328125,1530150,1021.2000122070312,996.7000122070312,,1013.0,1006.5999755859376,,,-5066.731818847488,,-1.0,-1.0,,,Double Top,-6.2000122070313815,1174.2003173828155,LH
2023-02-13,1008.25,1017.3499755859376,1002.0,1015.25,1002.7576904296876,1355766,1021.2000122070312,996.7000122070312,,1015.25,1006.5999755859376,,,809.1379241944126,Ascending Triangle,-1.0,1.0,,,,-0.2000122070311731,1012.200317382811,
2023-02-14,1018.0,1018.0499877929688,1003.25,1006.75,994.3623046875,1832842,1018.0499877929688,996.7000122070312,,1015.25,1006.5999755859376,,9472.811370849371,,,1.0,1.0,Wedge Up,Channel Up,,8.650024414062257,764.3992919921943,HL
2023-02-15,1002.0,1006.4000244140624,990.5499877929688,995.4000244140624,983.1519775390624,2251350,1018.0499877929688,990.5499877929688,,1015.25,995.4000244140624,,,-7199.150207519676,,-1.0,-1.0,,,Double Top,-8.500000000000151,1261.7500000000045,LH
2023-02-16,998.9000244140624,1010.0,991.2000122070312,995.1500244140624,982.9050903320312,1678410,1018.0499877929688,990.5499877929688,,1006.75,995.1500244140624,,,-9947.679213866577,,-1.0,-1.0,,,,-11.349975585937486,1347.2492675781243,HL
2023-02-17,992.2000122070312,996.5,982.0,984.5,972.3860473632812,1847026,1010.0,982.0,,995.4000244140624,984.5,,,757.0250244137924,,-1.0,-1.0,,,,-0.25000000000028383,1003.1500244140718,
2023-02-20,990.1500244140624,991.6500244140624,974.9500122070312,984.4000244140624,972.2874145507812,2157871,1010.0,974.9500122070312,,995.1500244140624,984.4000244140624,,,-9147.933487549228,,-1.0,-1.0,,,,-10.650024414062294,1335.9508056640557,
2023-02-21,990.0,990.7999877929688,969.1500244140624,971.5999755859376,959.644775390625,1771813,996.5,969.1500244140624,,984.5,971.5999755859376,,,890.662917479638,,-1.0,-1.0,,,,-0.09997558593774981,987.7991943359456,
2023-02-22,971.5499877929688,978.0,966.0,968.5499877929688,956.63232421875,2605147,991.6500244140624,966.0,,984.4000244140624,968.5499877929688,,,-10977.885451659324,,-1.0,-1.0,,,,-12.800048828124746,1419.6016845703032,
2023-02-23,973.0,977.25,964.0499877929688,972.5,960.5337524414062,2835983,990.7999877929688,964.0499877929688,Head and Shoulder,972.5,968.5499877929688,,,-1887.763580322081,Ascending Triangle,-1.0,-1.0,,,Double Top,-3.0499877929685537,1078.3495483398374,LH
2023-02-24,970.5999755859376,983.3499755859376,963.7000122070312,970.5,958.558349609375,1823835,983.3499755859376,963.7000122070312,,972.5,968.5499877929688,,4659.836395263363,,,1.0,-1.0,,,,3.950012207030918,826.3495483398566,HH
2023-02-27,970.5,972.5499877929688,960.0499877929688,965.0499877929688,953.1754150390624,1548675,983.3499755859376,960.0499877929688,,972.5,965.0499877929688,,,-883.5999755860421,,-1.0,-1.0,,,Double Top,-2.000000000000113,1046.5000000000043,LH
2023-02-28,969.0,976.0,954.0,956.5999755859376,944.829345703125,3819644,983.3499755859376,954.0,,970.5,956.5999755859376,,,-4035.8810803219835,,-1.0,-1.0,,,,-5.450012207031267,1177.600463867188,HH
2023-03-01,951.0,966.0499877929688,951.0,959.2999877929688,947.4961547851562,1862513,976.0,951.0,,965.0499877929688,956.5999755859376,,,-6811.4961431880465,Ascending Triangle,-1.0,-1.0,,,Double Top,-8.450012207030944,1294.6004638671754,LH
2023-03-02,960.0,967.0,951.0999755859376,965.2999877929688,953.42236328125,1510195,976.0,951.0,,965.2999877929688,956.5999755859376,,3454.9212377927856,,Ascending Triangle,-1.0,-1.0,,,,2.7000122070312127,848.5994873046892,
2023-03-03,967.0499877929688,969.75,958.1500244140624,966.9000244140624,955.002685546875,2215832,969.75,951.0,,966.9000244140624,959.2999877929688,,6514.700134277436,,Ascending Triangle,1.0,1.0,Wedge Up,Channel Up,,6.0000000000001,713.2999877929645,
2023-03-06,970.0,979.5,963.7999877929688,965.25,953.3729248046876,1989152,979.5,951.0999755859376,,966.9000244140624,965.25,,2442.5337982177693,,,1.0,1.0,Wedge Up,Channel Up,,1.6000366210937456,898.0984497070314,HL
2023-03-08,960.0,965.0,947.0,957.5,945.7183227539062,4734482,979.5,947.0,,966.9000244140624,957.5,,,-542.0473022460415,,-1.0,-1.0,,,,-1.6500244140624427,1037.8510742187475,LL
2023-03-09,957.5,959.4000244140624,947.1500244140624,952.7000122070312,940.9773559570312,2994556,979.5,947.0,,965.25,952.7000122070312,,,-6077.175094604715,,-1.0,-1.0,,,,-7.750000000000245,1306.2500000000111,HL
2023-03-10,946.5,957.5,946.0999755859376,955.5499877929688,943.7923583984376,2001392,965.0,946.0999755859376,Head and Shoulder,957.5,952.7000122070312,,,-3413.1288262943126,Ascending Triangle,-1.0,-1.0,,,Double Top,-4.799987792968991,1173.4994506836053,LH
2023-03-13,955.0999755859376,959.9000244140624,947.5499877929688,954.0999755859376,942.360107421875,1412106,959.9000244140624,946.0999755859376,,955.5499877929688,952.7000122070312,,3540.7627722173233,,,1.0,1.0,Wedge Up,Channel Up,,2.8499755859374227,821.6011352539098,
2023-03-14,953.5,963.75,950.2999877929688,957.2000122070312,945.4219970703124,1879695,963.75,946.0999755859376,Inverse Head and Shoulder,957.2000122070312,954.0999755859376,,,-364.25114074757505,Ascending Triangle,1.0,1.0,Wedge Up,Channel Up,Double Bottom,-1.4500122070316415,1023.7005615234565,HL
2023-03-15,952.0,964.9000244140624,949.3499755859376,951.4000244140624,939.6934204101562,2189113,964.9000244140624,947.5499877929688,,957.2000122070312,951.4000244140624,,3754.6731347665523,,,1.0,1.0,Wedge Up,Channel Up,,3.100036621093787,805.298217773436,LL
2023-03-16,955.25,970.0,951.7000122070312,967.4000244140624,955.4965209960938,2228093,970.0,949.3499755859376,,967.4000244140624,951.4000244140624,,,-4369.508918456873,Ascending Triangle,1.0,1.0,Wedge Up,Channel Up,,-5.799987792968904,1241.3994140625077,HH
2023-03-17,968.5499877929688,968.7000122070312,952.75,957.7000122070312,945.9158935546876,2218687,970.0,949.3499755859376,,967.4000244140624,951.4000244140624,,15474.60021972633,,,1.0,1.0,Wedge Up,Channel Up,,15.999999999999744,151.40002441407566,HL
2023-03-20,950.0,962.6500244140624,947.3499755859376,961.2000122070312,949.372802734375,1955757,970.0,947.3499755859376,Head and Shoulder,967.4000244140624,957.7000122070312,,,-7861.551204833851,Ascending Triangle,-1.0,-1.0,,,Double Top,-9.70001220703094,1462.1006469726397,LH
2023-03-21,965.0,965.0,953.25,956.2000122070312,944.434326171875,1687239,968.7000122070312,947.3499755859376,,961.2000122070312,956.2000122070312,,4122.40005493161,,,-1.0,1.0,,,,3.499999999999965,775.7000122070335,
2023-03-22,957.0,974.4000244140624,956.5999755859376,972.0499877929688,960.0892944335938,1626129,974.4000244140624,947.3499755859376,,972.0499877929688,956.2000122070312,,,-3634.04992675797,Ascending Triangle,1.0,1.0,Wedge Up,Channel Up,,-5.000000000000171,1226.2000122070403,
2023-03-23,975.0,982.9500122070312,972.0,977.6500244140624,965.620361328125,1857923,982.9500122070312,953.25,Inverse Head and Shoulder,977.6500244140624,956.2000122070312,,15596.030349120432,,Ascending Triangle,1.0,1.0,Wedge Up,Channel Up,Double Bottom,15.84997558593743,100.30133056640994,HL
2023-03-24,977.5999755859376,979.0,968.0,972.8499755859376,960.8794555664062,1534322,982.9500122070312,956.5999755859376,,977.6500244140624,972.0499877929688,,6112.043463744104,,,1.0,1.0,Wedge Up,Channel Up,,5.60003662109362,664.0479736328192,LH
2023-03-27,980.0,990.9500122070312,963.0,983.4500122070312,971.3489990234376,2473222,990.9500122070312,963.0,,983.4500122070312,972.8499755859376,,,-3474.155319824479,Ascending Triangle,1.0,-1.0,,,,-4.8000488281246385,1246.4527587890423,LL
2023-03-28,987.0,987.7999877929688,976.2999877929688,984.2000122070312,972.0897827148438,1394675,990.9500122070312,963.0,,984.2000122070312,972.8499755859376,,10801.204060059095,,Ascending Triangle,1.0,1.0,Wedge Up,Channel Up,,10.600036621093809,368.64788818359006,LH
2023-03-29,985.6500244140624,996.5,979.0,991.9000244140624,979.6951293945312,3045795,996.5,963.0,,991.9000244140624,983.4500122070312,,1683.8750305176927,,Ascending Triangle,1.0,1.0,Wedge Up,Channel Up,,0.7500000000001233,939.9500122070237,HH
2023-03-31,995.2000122070312,995.2000122070312,981.4000244140624,983.0999755859376,971.0032958984376,1822710,996.5,976.2999877929688,,991.9000244140624,983.0999755859376,,8099.781104735983,,,1.0,1.0,Wedge Up,Channel Up,,7.7000122070311985,529.8992919921902,HL
2023-04-03,981.0,988.0,976.2000122070312,979.0499877929688,967.003173828125,1671570,996.5,976.2000122070312,,991.9000244140624,979.0499877929688,,,-7095.784743651619,,-1.0,-1.0,,,,-8.800048828124858,1519.9029541015534,LH
2023-04-05,985.0,999.0,975.2999877929688,997.1500244140624,984.8804321289062,1544121,999.0,975.2999877929688,,997.1500244140624,979.0499877929688,,,-2808.2961956781437,Ascending Triangle,1.0,-1.0,,,,-4.049987792968463,1230.1492309570142,LL
2023-04-06,997.1500244140624,1014.0,993.4000244140624,1012.0999755859376,999.6464233398438,1423990,1014.0,975.2999877929688,,1012.0999755859376,979.0499877929688,,18175.89433959863,,Ascending Triangle,1.0,1.0,Wedge Up,Channel Up,,18.100036621093658,-143.15228271483775,
2023-04-10,1015.0,1016.9500122070312,1006.6500244140624,1008.5999755859376,996.1895141601562,1110974,1016.9500122070312,975.2999877929688,,1012.0999755859376,997.1500244140624,,15133.82348755017,,,1.0,1.0,Wedge Up,Channel Up,,14.949951171875155,55.30310058592785,
2023-04-11,1008.5999755859376,1022.25,1007.5499877929688,1009.25,996.83154296875,1786844,1022.25,993.4000244140624,Inverse Head and Shoulder,1012.0999755859376,1008.5999755859376,,,-2296.275024414079,Ascending Triangle,1.0,1.0,Wedge Up,Channel Up,Double Bottom,-3.5000000000000178,1236.0999755859389,HL
2023-04-12,1015.5,1020.2000122070312,1005.25,1016.7000122070312,1004.18994140625,3246327,1022.25,1005.25,,1016.7000122070312,1008.5999755859376,,1627.228218383858,,Ascending Triangle,1.0,-1.0,,,,0.6500244140622589,966.3483886718911,LH
2023-04-13,1022.2999877929688,1023.8499755859376,1002.0,1003.5,991.1522827148438,1445693,1023.8499755859376,1002.0,,1016.7000122070312,1003.5,,7993.636444091933,,,1.0,-1.0,,,,7.450012207031396,517.5491943359273,HH
2023-04-17,999.4500122070312,1009.9000244140624,995.0499877929688,998.7000122070312,986.411376953125,1768817,1023.8499755859376,995.0499877929688,,1016.7000122070312,998.7000122070312,,,-11281.751522216908,,-1.0,-1.0,,,,-13.20001220703121,1901.1008300781225,
2023-04-18,999.0,1006.25,988.2999877929688,1004.7999877929688,992.4363403320312,1217390,1023.8499755859376,988.2999877929688,Head and Shoulder,1004.7999877929688,998.7000122070312,,,-3493.128505859455,Ascending Triangle,-1.0,-1.0,,,Double Top,-4.799987792968675,1329.8991699218698,LH
2023-04-19,1003.5,1009.4000244140624,993.0,995.5,983.2507934570312,2174563,1009.9000244140624,988.2999877929688,,1004.7999877929688,995.5,,6650.327392578247,,,-1.0,-1.0,,,,6.0999755859376315,577.801696777335,HL
2023-04-20,999.0999755859376,1002.0999755859376,983.75,987.75,975.5961303710938,1638094,1009.4000244140624,983.75,,1004.7999877929688,987.75,,,-7530.263809204078,,-1.0,-1.0,,,,-9.299987792968725,1655.7991333007792,LL
2023-04-21,994.2999877929688,994.2999877929688,984.9500122070312,989.4500122070312,977.275146484375,1216575,1009.4000244140624,983.75,,995.5,987.75,,,-6122.487594604332,Ascending Triangle,-1.0,-1.0,,,,-7.749999999999826,1545.7499999999882,HL
2023-04-24,975.0,982.5,959.25,979.1500244140624,967.1019897460938,3485350,1002.0999755859376,959.25,Head and Shoulder,989.4500122070312,979.1500244140624,,2529.916115113,,,-1.0,-1.0,,,Double Top,1.7000122070316896,865.3491210937175,LH
2023-04-25,980.0,982.9000244140624,967.0,972.5,960.5337524414062,2377746,994.2999877929688,959.25,,989.4500122070312,972.5,,,-8275.389007568152,,-1.0,-1.0,,,Double Bottom,-10.299987792968517,1741.3491210937325,HL
2023-04-26,975.7999877929688,976.7999877929688,963.2000122070312,971.25,959.2991333007812,2911028,982.9000244140624,959.25,,979.1500244140624,971.25,,,-4987.584381103384,,-1.0,1.0,,,Double Top,-6.6500244140623535,1471.2518310546766,LH
2023-04-27,968.0,981.5999755859376,963.5499877929688,978.7000122070312,966.657470703125,2777173,982.9000244140624,963.2000122070312,,978.7000122070312,971.25,,,-157.12501525863513,Ascending Triangle,-1.0,-1.0,,,,-1.2499999999998288,1066.2499999999864,
2023-04-28,984.9500122070312,992.5,979.1500244140624,987.6500244140624,975.4973754882812,2009995,992.5,963.2000122070312,Inverse Head and Shoulder,987.6500244140624,971.25,,7763.053810424992,,Ascending Triangle,1.0,1.0,Wedge Up,Channel Up,Double Bottom,7.450012207031128,405.0490722656347,HL
2023-05-02,987.6500244140624,988.9000244140624,970.2999877929688,973.0499877929688,961.0769653320312,3152556,992.5,963.5499877929688,,987.6500244140624,973.0499877929688,,8998.3583410642,,,1.0,1.0,Wedge Up,Channel Up,,8.950012207031135,289.5490722656336,
2023-05-03,970.5,972.4000244140624,959.5,963.5999755859376,951.7432861328124,3087472,992.5,959.5,Head and Shoulder,987.6500244140624,963.5999755859376,,,-11942.142050780672,,-1.0,-1.0,,,Double Top,-14.600036621094105,2126.4528808594027,LH
2023-05-04,967.6500244140624,975.9000244140624,965.1500244140624,974.0,962.0152587890624,1197830,988.9000244140624,959.5,,974.0,963.5999755859376,,,-7484.710937499664,Ascending Triangle,-1.0,-1.0,,,,-9.450012207030875,1719.6009521484077,
2023-05-05,974.0,977.25,967.8499755859376,970.4500122070312,958.5089721679688,1062645,977.25,959.5,Inverse Head and Shoulder,974.0,963.5999755859376,,10224.301842041132,,,1.0,1.0,Wedge Up,Channel Up,Double Bottom,10.400024414062296,131.59802246095416,HL
2023-05-08,962.0,969.0,961.0,961.8499755859376,950.0148315429688,2676958,977.25,961.0,,974.0,961.8499755859376,,,-2153.0066607669587,,-1.0,-1.0,,,,-3.549987792968817,1261.5490112304744,
2023-05-09,961.9000244140624,966.8499755859376,949.5,957.4500122070312,945.6690063476562,6902170,977.25,949.5,,970.4500122070312,957.4500122070312,,,-6558.4521527099005,,-1.0,-1.0,,,,-8.600036621093171,1675.653015136671,LL
2023-05-10,957.0,959.9500122070312,951.5999755859376,953.7999877929688,942.0638427734376,2180917,969.0,949.5,Head and Shoulder,961.8499755859376,953.7999877929688,,,-2869.638081055131,,-1.0,-1.0,,,Double Top,-4.3999633789062464,1327.046936035156,LH
2023-05-11,953.7999877929688,963.9000244140624,952.0,961.0499877929688,949.2246704101562,1296607,966.8499755859376,949.5,,961.0499877929688,953.7999877929688,,,-2243.803855590628,Ascending Triangle,-1.0,1.0,,,,-3.650024414062621,1264.0520629882915,HH
2023-05-12,961.0,963.0999755859376,952.0,956.0,944.23681640625,2014927,963.9000244140624,951.5999755859376,,961.0499877929688,953.7999877929688,,7268.549987793049,,,1.0,1.0,Wedge Up,Channel Up,,7.250000000000092,337.5499877929608,
2023-05-15,953.0,955.75,948.0499877929688,953.0,941.273681640625,1814239,963.9000244140624,948.0499877929688,Head and Shoulder,961.0499877929688,953.0,,,-3417.2894287108957,,-1.0,-1.0,,,Double Top,-5.049987792968702,1395.3489379882774,LH
2023-05-16,953.0,962.5499877929688,938.0,940.9500122070312,929.3720092773438,2625163,963.0999755859376,938.0,,956.0,940.9500122070312,,,-1605.850036620979,,-1.0,-1.0,,,,-2.999999999999865,1216.999999999988,HH
2023-05-17,941.25,945.2999877929688,928.8499755859376,935.9500122070312,924.4334716796876,2956985,962.5499877929688,928.8499755859376,,953.0,935.9500122070312,,,-9264.787296142404,,-1.0,-1.0,,,,-12.049987792968722,2013.3989257812475,
2023-05-18,943.0,943.0,922.4500122070312,929.6500244140624,918.2109985351562,3014019,962.5499877929688,922.4500122070312,,940.9500122070312,929.6500244140624,,,-3262.3001098632794,,-1.0,-1.0,,,,-5.0,1385.950012207032,LL
2023-05-19,932.0,934.4000244140624,924.2999877929688,925.8499755859376,914.4577026367188,1309343,945.2999877929688,922.4500122070312,Head and Shoulder,935.9500122070312,925.8499755859376,,,-4329.894630737409,,-1.0,-1.0,,,Double Bottom,-6.299987792968516,1502.9489135741971,HL
2023-05-22,925.8499755859376,942.75,922.8499755859376,937.4500122070312,925.9150390625,1382485,943.0,922.4500122070312,,937.4500122070312,925.8499755859376,,,-2286.901352539766,Ascending Triangle,-1.0,1.0,,,,-3.8000488281251275,1275.4544677734496,LL
2023-05-23,937.5,956.2000122070312,929.0999755859376,931.5999755859376,920.136962890625,3057684,956.2000122070312,922.8499755859376,,937.4500122070312,925.8499755859376,,10665.240439452084,,,1.0,1.0,Wedge Up,Channel Up,,11.600036621093572,-141.35339355467065,HH
2023-05-24,935.5,954.7999877929688,932.5999755859376,952.1500244140624,940.4342041015624,2953574,956.2000122070312,922.8499755859376,,952.1500244140624,931.5999755859376,,,-4088.6090936288856,Ascending Triangle,1.0,1.0,Wedge Up,Channel Up,,-5.850036621093822,1481.5034179687566,
2023-05-25,949.7000122070312,951.7000122070312,942.7000122070312,945.0,933.3721313476562,2331464,956.2000122070312,929.0999755859376,Inverse Head and Shoulder,952.1500244140624,931.5999755859376,,18419.691528319898,,,-1.0,1.0,,,Double Bottom,20.55004882812451,-1000.1046142577663,HL
2023-05-26,943.9500122070312,976.7000122070312,937.0,969.9000244140624,957.9658203125,4137189,976.7000122070312,932.5999755859376,,969.9000244140624,945.0,,,-5303.406510009914,Ascending Triangle,1.0,1.0,Wedge Up,Channel Up,,-7.150024414061989,1631.4023437499513,LL
2023-05-29,969.9500122070312,973.25,946.4000244140624,968.4500122070312,956.5336303710938,5344765,976.7000122070312,937.0,,969.9000244140624,945.0,,22669.026604004383,,Descending Triangle,1.0,1.0,Wedge Up,Channel Up,,24.900024414062703,-1445.4023437500196,
2023-05-30,965.0,967.4500122070312,956.2999877929688,959.5999755859376,947.79248046875,2624815,976.7000122070312,937.0,,969.9000244140624,959.5999755859376,,,-280.8804699702698,,-1.0,1.0,,,,-1.4500122070310928,1110.5512084960783,LH
2023-05-31,965.0,979.2999877929688,960.75,975.3499755859376,963.3486328125,5595631,979.2999877929688,946.4000244140624,,975.3499755859376,959.5999755859376,,,-6796.129401244344,Ascending Triangle,1.0,1.0,Wedge Up,Channel Up,,-8.850036621093887,1835.7536010742326,
2023-06-01,979.7999877929688,990.4500122070312,975.0,987.7000122070312,975.5466918945312,3261906,990.4500122070312,956.2999877929688,,987.7000122070312,959.5999755859376,,14956.625167846847,,Ascending Triangle,1.0,1.0,Wedge Up,Channel Up,,15.750000000000188,-599.650024414081,
2023-06-02,986.5499877929688,1003.7000122070312,981.0,999.5999755859376,987.30029296875,3734815,1003.7000122070312,960.75,,999.5999755859376,975.3499755859376,,12085.442618407207,,Ascending Triangle,1.0,1.0,Wedge Up,Channel Up,,12.350036621093636,-259.6536865234257,
2023-06-05,1005.3499755859376,1017.7000122070312,998.5,1008.75,996.3377075195312,3629780,1017.7000122070312,975.0,,1008.75,987.7000122070312,,11789.891769409447,,Ascending Triangle,1.0,1.0,Wedge Up,Channel Up,,11.899963378906543,-214.19628906252996,HH
2023-06-06,1008.9000244140624,1015.9500122070312,1004.0,1013.7999877929688,1001.3255615234376,1632644,1017.7000122070312,981.0,,1013.7999877929688,999.5999755859376,,9342.592124633233,,Ascending Triangle,1.0,1.0,Wedge Up,Channel Up,Double Top,9.150024414062216,66.29748535159216,LH
2023-06-07,1015.0,1017.5,1010.0,1014.5999755859376,1002.11572265625,1608613,1017.7000122070312,998.5,,1014.5999755859376,1008.75,,5612.318748779675,,Ascending Triangle,-1.0,1.0,,,,5.049987792968836,488.6012573242103,HL
2023-06-08,1015.0,1016.0,983.25,987.0,974.8552856445312,3395935,1017.5,983.25,,1014.5999755859376,987.0,,1720.1892089845833,,,1.0,-1.0,,,,0.7999877929689857,930.6012573241944,
2023-06-09,984.0,990.7000122070312,981.0,983.9500122070312,971.8428955078124,2306206,1017.5,981.0,,1014.5999755859376,983.9500122070312,,,-23244.398902587767,,-1.0,-1.0,,,,-27.5999755859377,3912.5974121093955,LL
2023-06-12,987.9000244140624,989.9000244140624,981.0499877929688,985.4500122070312,973.324462890625,593319,1016.0,981.0,Head and Shoulder,987.0,983.9500122070312,,,-1695.3118017575803,Ascending Triangle,-1.0,-1.0,,,Double Top,-3.049987792968655,1310.298706054677,LH
2023-06-13,990.0,996.0,985.5499877929688,988.0999755859376,975.9417724609376,2413311,996.0,981.0,Inverse Head and Shoulder,988.0999755859376,983.9500122070312,,2305.5999755860907,,Ascending Triangle,1.0,1.0,Wedge Up,Channel Up,Double Bottom,1.500000000000174,823.4500122070125,HL
2023-06-14,991.5999755859376,995.0,984.25,986.7000122070312,974.55908203125,2139387,996.0,981.0499877929688,,988.0999755859376,985.4500122070312,,3313.9728656002567,,,1.0,1.0,Wedge Up,Channel Up,,2.6499633789063837,699.253967285142,LL
2023-06-15,988.5,994.7999877929688,985.7000122070312,988.4000244140624,976.2381591796876,2731724,996.0,984.25,,988.4000244140624,986.7000122070312,,,-243.02785400286598,Ascending Triangle,-1.0,1.0,,,,-1.3999633789060824,1140.6959838866992,
2023-06-16,990.0,994.6500244140624,987.2000122070312,992.0,979.7938232421876,3611214,995.0,984.25,,992.0,986.7000122070312,,2486.1107788086592,,Ascending Triangle,-1.0,1.0,,,,1.7000122070313242,799.6986694335855,LH
2023-06-19,995.1500244140624,1006.7000122070312,993.75,1001.7999877929688,989.4732666015624,1327862,1006.7000122070312,985.7000122070312,Inverse Head and Shoulder,1001.7999877929688,988.4000244140624,,4195.258232422428,,Ascending Triangle,1.0,1.0,Wedge Up,Channel Up,Double Bottom,3.599975585937786,588.8027343749686,HL
2023-06-20,1007.6500244140624,1007.75,989.5999755859376,991.9500122070312,979.7444458007812,1445688,1007.75,987.2000122070312,,1001.7999877929688,991.9500122070312,,9615.499378051562,,,1.0,1.0,Wedge Up,Channel Up,,9.799987792968697,-105.59863281249388,HH
2023-06-21,991.9500122070312,993.8499755859376,983.5999755859376,991.9000244140624,979.6951293945312,1396686,1007.75,983.5999755859376,,1001.7999877929688,991.9000244140624,,,-7655.343795165503,,-1.0,-1.0,,,Double Top,-9.849975585937596,2114.8472290039176,LH
2023-06-22,987.0999755859376,996.2000122070312,987.0999755859376,990.2999877929688,978.11474609375,5384143,1007.75,983.5999755859376,,991.9500122070312,990.2999877929688,,,948.1457098385519,,-1.0,-1.0,,,,-0.04998779296893997,997.6486206054906,HL
2023-06-23,994.0,995.9500122070312,977.2999877929688,991.4500122070312,979.2506103515624,1218237,996.2000122070312,977.2999877929688,,991.9000244140624,990.2999877929688,,,-410.45209167527423,Ascending Triangle,1.0,-1.0,,,,-1.6000366210937753,1175.9042358398463,LH
2023-06-26,994.0,1003.7999877929688,991.4500122070312,994.9500122070312,982.7074584960938,2066932,1003.7999877929688,977.2999877929688,,994.9500122070312,990.2999877929688,,2001.1139605714995,,Ascending Triangle,1.0,1.0,Wedge Up,Channel Up,Double Bottom,1.1500244140624003,856.8971557617303,HL
2023-06-27,999.9500122070312,1003.3499755859376,986.0,1001.7999877929688,989.4732666015624,4647465,1003.7999877929688,977.2999877929688,,1001.7999877929688,991.4500122070312,,4088.2499694824955,,Ascending Triangle,1.0,1.0,Wedge Up,Channel Up,,3.5000000000000835,581.9500122070212,LH
2023-06-28,995.0,1025.550048828125,995.0,1021.7999877929688,1009.2271118164062,5296330,1025.550048828125,986.0,,1021.7999877929688,994.9500122070312,,7185.957863159562,,Ascending Triangle,1.0,1.0,Wedge Up,Channel Up,,6.849975585937593,186.65289306639534,
2023-06-30,1021.75,1055.0,1020.0499877929688,1051.5999755859375,1038.6605224609375,4765060,1055.0,986.0,,1051.5999755859375,1001.7999877929688,,19653.799499512228,,Ascending Triangle,1.0,1.0,Wedge Up,Channel Up,,20.000000000000547,-1378.200012207096,HH
2023-07-03,1053.0,1053.6500244140625,1030.0,1032.699951171875,1019.992919921875,2338356,1055.0,995.0,Inverse Head and Shoulder,1051.5999755859375,1021.7999877929688,,28220.24739135723,,,1.0,1.0,Wedge Up,Channel Up,Double Bottom,29.799987792967883,-2554.1985473631767,HL
2023-07-04,1040.0,1053.9000244140625,1029.9000244140625,1048.800048828125,1035.8948974609375,1549174,1055.0,1020.0499877929688,,1051.5999755859375,1032.699951171875,,,-16483.843598634652,Ascending Triangle,-1.0,1.0,,,,-18.900024414063196,3338.502929687585,LL
2023-07-05,1055.0,1057.699951171875,1042.6500244140625,1044.699951171875,1031.8453369140625,1840716,1057.699951171875,1029.9000244140625,,1048.800048828125,1032.699951171875,,15888.259272455904,,,1.0,1.0,Wedge Up,Channel Up,Double Bottom,16.100097656249712,-931.5119628905893,HL
2023-07-06,1040.0,1056.5999755859375,1040.0,1042.5,1029.6724853515625,2551103,1057.699951171875,1029.9000244140625,,1048.800048828125,1042.5,,,-2721.239746093507,,1.0,1.0,Wedge Up,Channel Up,,-4.100097656249734,1553.1120605468416,
2023-07-07,1033.5,1051.199951171875,1028.75,1035.699951171875,1022.9560546875,1721224,1057.699951171875,1028.75,,1044.699951171875,1035.699951171875,,,-960.9954248072588,,-1.0,-1.0,,,,-2.199951171875206,1317.4938964844011,LL
2023-07-10,1036.0,1051.0,1031.0999755859375,1045.0,1032.1416015625,1221769,1056.5999755859375,1028.75,,1045.0,1035.699951171875,,,-5213.544921875101,Ascending Triangle,-1.0,-1.0,,,,-6.800048828125109,1892.5061035156389,LH
2023-07-11,1052.0,1074.75,1049.050048828125,1072.25,1059.0562744140625,4369937,1074.75,1028.75,,1072.25,1035.699951171875,,9835.871154785185,,Ascending Triangle,1.0,1.0,Wedge Up,Channel Up,,9.30004882812503,-136.10620117187867,
2023-07-12,1075.0,1083.75,1070.0,1078.75,1065.476318359375,5088473,1083.75,1031.0999755859375,,1078.75,1045.0,,26980.187500001,,Ascending Triangle,1.0,1.0,Wedge Up,Channel Up,,27.25000000000105,-2415.7500000001332,HH
2023-07-13,1081.9000244140625,1081.9000244140625,1071.699951171875,1075.6500244140625,1062.41455078125,1541690,1083.75,1049.050048828125,Inverse Head and Shoulder,1078.75,1072.25,,7231.97515869143,,,1.0,1.0,Wedge Up,Channel Up,Double Bottom,6.500000000000025,240.249999999997,HL
2023-07-14,1079.949951171875,1080.0,1065.0,1072.949951171875,1059.7476806640625,2641580,1083.75,1065.0,Head and Shoulder,1078.75,1072.949951171875,,,-1847.4718029798057,,-1.0,-1.0,,,Double Top,-3.0999755859376044,1478.6468505859514,LH
2023-07-17,1073.699951171875,1081.050048828125,1070.5,1077.5999755859375,1064.340576171875,1254025,1081.9000244140625,1065.0,,1077.5999755859375,1072.949951171875,,,-1482.9393139627748,Ascending Triangle,-1.0,-1.0,,,,-2.7000732421872033,1426.6595458983986,HL
2023-07-18,1078.449951171875,1078.9000244140625,1064.3499755859375,1067.1500244140625,1054.0191650390625,2238739,1081.050048828125,1064.3499755859375,,1077.5999755859375,1067.1500244140625,,5426.070419922648,,,-1.0,-1.0,,,,4.65002441406269,463.7967529296624,LH
2023-07-19,1067.1500244140625,1086.0,1063.8499755859375,1081.8499755859375,1068.5382080078125,2311282,1086.0,1063.8499755859375,,1081.8499755859375,1067.1500244140625,,,-8848.285889893612,Ascending Triangle,1.0,-1.0,,,,-10.449951171874833,2456.993530273416,LL
2023-07-20,1086.050048828125,1104.5,1082.300048828125,1097.6500244140625,1084.1439208984375,5218991,1104.5,1063.8499755859375,,1097.6500244140625,1067.1500244140625,,15247.458281248857,,Ascending Triangle,1.0,1.0,Wedge Up,Channel Up,,14.699951171875052,-887.9434814453192,HH
2023-07-21,1103.4000244140625,1104.199951171875,1090.3499755859375,1097.1500244140625,1083.6500244140625,1879610,1104.5,1063.8499755859375,,1097.6500244140625,1081.8499755859375,,16299.667390137514,,,1.0,1.0,Wedge Up,Channel Up,,15.80004882812459,-1035.3565673827572,LH
2023-07-24,1094.0,1107.3499755859375,1092.5,1100.4000244140625,1086.860107421875,2130036,1107.3499755859375,1082.300048828125,Inverse Head and Shoulder,1100.4000244140625,1097.1500244140625,,,614.950012206818,Ascending Triangle,1.0,1.0,Wedge Up,Channel Up,Double Bottom,-0.5000000000002213,1165.1500244140927,HL
2023-07-25,1110.0,1110.0,1090.800048828125,1095.050048828125,1081.5758056640625,1702900,1110.0,1090.3499755859375,,1100.4000244140625,1095.050048828125,,4214.062683105638,,,1.0,1.0,Wedge Up,Channel Up,,3.2500000000001763,655.1500244140383,LL
2023-07-26,1097.050048828125,1114.4000244140625,1094.0999755859375,1112.0,1098.3172607421875,1321572,1114.4000244140625,1090.800048828125,,1112.0,1095.050048828125,,,-4115.826171874698,Ascending Triangle,1.0,1.0,Wedge Up,Channel Up,,-5.349975585937192,1833.3466796874586,
2023-07-27,1128.0,1155.3499755859375,1116.300048828125,1134.949951171875,1120.9847412109375,6366612,1155.3499755859375,1090.800048828125,,1134.949951171875,1095.050048828125,,17993.30304199464,,Ascending Triangle,1.0,1.0,Wedge Up,Channel Up,,16.94995117187507,-1244.0432128906348,HH
2023-07-28,1129.949951171875,1143.9000244140625,1121.6500244140625,1138.550048828125,1128.5179443359375,2677679,1155.3499755859375,1094.0999755859375,,1138.550048828125,1112.0,,24051.624814451312,,Ascending Triangle,1.0,1.0,Wedge Up,Channel Up,Double Top,22.949951171875572,-2078.0432128907055,LH
2023-07-31,1140.0,1145.0,1127.0,1143.4000244140625,1133.3251953125,1718336,1155.3499755859375,1116.300048828125,,1143.4000244140625,1134.949951171875,,4747.288027346114,,Ascending Triangle,-1.0,1.0,,,,3.6000976562499805,630.9362792968776,
2023-08-01,1143.4000244140625,1152.6500244140625,1136.0,1143.449951171875,1133.374755859375,1448567,1152.6500244140625,1121.6500244140625,Inverse Head and Shoulder,1143.449951171875,1138.550048828125,,6000.407838136159,,Ascending Triangle,1.0,1.0,Wedge Up,Channel Up,Double Bottom,4.849975585937701,454.7034912109094,HL
2023-08-02,1143.949951171875,1144.300048828125,1126.449951171875,1135.25,1125.2469482421875,1731918,1152.6500244140625,1126.449951171875,,1143.449951171875,1135.25,,1192.9897766115532,,,-1.0,-1.0,,,,0.04992675781272594,1136.3104248046561,LH
2023-08-03,1130.25,1169.699951171875,1122.3499755859375,1141.0,1130.9462890625,8460399,1169.699951171875,1122.3499755859375,,1143.449951171875,1135.25,,,-7040.101318360121,Ascending Triangle,1.0,-1.0,,,,-8.199951171875748,2316.042968750108,HH
2023-08-04,1129.0,1145.0,1121.050048828125,1138.949951171875,1128.9141845703125,3527805,1169.699951171875,1121.050048828125,,1141.0,1135.25,,6856.212219238143,,,1.0,-1.0,,,Double Top,5.749999999999861,307.2500000000208,LH
2023-08-07,1138.949951171875,1166.75,1133.5,1160.800048828125,1150.5718994140625,3353219,1169.699951171875,1121.050048828125,,1160.800048828125,1138.949951171875,,,-941.4396997093199,Ascending Triangle,-1.0,1.0,,,,-2.0500488281249054,1438.257080078111,HH
2023-08-08,1162.199951171875,1164.5999755859375,1139.949951171875,1148.6500244140625,1138.5289306640625,3073468,1166.75,1121.050048828125,,1160.800048828125,1138.949951171875,,23046.95089965951,,,1.0,1.0,Wedge Up,Channel Up,,21.850097656248924,-2051.1643066404663,
2023-08-09,1151.1500244140625,1159.300048828125,1140.300048828125,1152.800048828125,1142.642333984375,1306791,1166.75,1133.5,,1160.800048828125,1148.6500244140625,,,-11059.695100098603,Ascending Triangle,-1.0,1.0,,,,-12.150024414062253,2946.8536376952748,
2023-08-10,1150.5999755859375,1157.9000244140625,1143.5999755859375,1150.300048828125,1140.164306640625,1443067,1164.5999755859375,1139.949951171875,,1152.800048828125,1148.6500244140625,,5308.219697266574,,,-1.0,1.0,,,,4.1500244140622575,534.4464111328491,HL
2023-08-11,1150.050048828125,1151.0,1130.5,1132.3499755859375,1122.3724365234375,1756630,1159.300048828125,1130.5,,1152.800048828125,1132.3499755859375,,,-1305.5748901364682,,-1.0,-1.0,,,,-2.4999999999997446,1525.3000488280863,
2023-08-14,1131.0,1142.0,1120.5,1134.25,1124.255859375,1824622,1157.9000244140625,1120.5,Head and Shoulder,1150.300048828125,1132.3499755859375,,,-16517.059539795562,Ascending Triangle,-1.0,-1.0,,,Double Top,-17.950073242188147,3842.8110351563464,LH
2023-08-16,1134.949951171875,1145.5,1121.8499755859375,1143.6500244140625,1133.5728759765625,1224080,1151.0,1120.5,,1143.6500244140625,1132.3499755859375,,3018.409256592344,,Ascending Triangle,-1.0,-1.0,,,,1.90002441406245,845.446289062508,
2023-08-17,1143.6500244140625,1148.949951171875,1137.5,1144.800048828125,1134.712890625,1964341,1148.949951171875,1120.5,Inverse Head and Shoulder,1144.800048828125,1134.25,,10466.594697266872,,Ascending Triangle,1.0,1.0,Wedge Up,Channel Up,Double Bottom,9.400024414062555,-294.5537109375083,HL
2023-08-18,1141.0,1149.300048828125,1129.0,1134.9000244140625,1124.900146484375,1473774,1149.300048828125,1121.8499755859375,,1144.800048828125,1134.9000244140625,,2272.8590246585854,,,1.0,1.0,Wedge Up,Channel Up,,1.150024414062282,967.6962890625339,HH
2023-08-21,1129.949951171875,1143.9000244140625,1127.1500244140625,1137.4000244140625,1127.3779296875,941384,1149.300048828125,1127.1500244140625,,1144.800048828125,1134.9000244140625,,,-8590.884201661018,Ascending Triangle,-1.0,-1.0,,,Double Top,-9.90002441406277,2669.4038085937923,LH
2023-08-22,1135.0,1147.0,1130.0,1137.550048828125,1127.5267333984375,1438879,1149.300048828125,1127.1500244140625,,1137.550048828125,1134.9000244140625,,3591.2751464843245,,Ascending Triangle,-1.0,1.0,,,,2.4999999999999494,747.4000244140697,HL
2023-08-23,1128.0,1130.449951171875,1110.5999755859375,1123.699951171875,1113.7987060546875,3050418,1147.0,1110.5999755859375,,1137.550048828125,1123.699951171875,,1282.5786425768888,,,-1.0,-1.0,,,Double Top,0.15002441406245418,1113.99621582032,LH
2023-08-24,1123.5999755859375,1133.0999755859375,1113.199951171875,1118.300048828125,1108.4462890625,1575291,1147.0,1110.5999755859375,,1137.550048828125,1118.300048828125,,,-12176.549504399358,,-1.0,-1.0,,,,-13.85009765625006,3312.015380859384,HL
2023-08-25,1118.0,1123.300048828125,1100.25,1106.300048828125,1096.5521240234375,1515282,1133.0999755859375,1100.25,,1123.699951171875,1106.300048828125,,,-3997.027705073312,,-1.0,-1.0,,,Double Top,-5.399902343749953,1976.8845214843675,LH
2023-08-28,1110.050048828125,1124.1500244140625,1105.1500244140625,1117.0,1107.1578369140625,1959645,1133.0999755859375,1100.25,,1118.300048828125,1106.300048828125,,,-10377.69995117133,Ascending Triangle,-1.0,-1.0,,,,-11.99999999999943,3026.300048828034,
2023-08-29,1125.050048828125,1125.050048828125,1106.449951171875,1111.5999755859375,1101.8052978515625,1749707,1125.050048828125,1100.25,,1117.0,1106.300048828125,,11288.373322755113,,,1.0,1.0,Wedge Up,Channel Up,,10.699951171875014,-605.6921386718774,HH
2023-08-30,1117.5,1119.1500244140625,1110.5,1114.9000244140625,1105.0762939453125,1543173,1125.050048828125,1105.1500244140625,,1117.0,1111.5999755859375,,,-4034.083420410782,Ascending Triangle,-1.0,1.0,,,,-5.400024414062531,1986.4039306640675,HL
2023-08-31,1118.8499755859375,1118.8499755859375,1101.699951171875,1111.5999755859375,1101.8052978515625,4782404,1125.050048828125,1101.699951171875,,1114.9000244140625,1111.5999755859375,,4245.3262622055545,,,-1.0,-1.0,,,,3.3000488281247,576.9920654297366,LL
2023-09-01,1112.0,1117.5,1105.75,1109.0,1099.228271484375,2715249,1119.1500244140625,1101.699951171875,,1114.9000244140625,1109.0,,,-2006.9461669921204,,-1.0,-1.0,,,Double Bottom,-3.300048828124929,1652.807983398426,HL
2023-09-04,1114.0,1114.0,1102.0,1108.9000244140625,1099.129150390625,1205294,1118.8499755859375,1101.699951171875,,1111.5999755859375,1108.9000244140625,,,-1345.1170190425503,,-1.0,1.0,,,,-2.5999755859376883,1537.9959716797187,LH
2023-09-05,1110.0,1136.0,1107.199951171875,1131.9000244140625,1121.926513671875,1698118,1136.0,1102.0,,1131.9000244140625,1108.9000244140625,,,1012.3336035163179,Ascending Triangle,1.0,1.0,Wedge Up,Channel Up,,-0.09997558593740012,1125.4959716796714,
2023-09-06,1137.0,1149.0,1129.050048828125,1142.3499755859375,1132.284423828125,2960249,1149.0,1102.0,Inverse Head and Shoulder,1142.3499755859375,1108.9000244140625,,23564.949462889756,,Ascending Triangle,1.0,1.0,Wedge Up,Channel Up,Double Bottom,22.999999999999105,-2709.099975585786,HL
2023-09-07,1140.0,1141.449951171875,1128.5999755859375,1133.050048828125,1123.0662841796875,1863837,1149.0,1107.199951171875,,1142.3499755859375,1131.9000244140625,,11227.07586425577,,,1.0,1.0,Wedge Up,Channel Up,,10.449951171875355,-613.2418212891228,
2023-09-08,1133.0,1138.050048828125,1128.5,1130.449951171875,1120.4891357421875,1789037,1149.0,1128.5,Head and Shoulder,1142.3499755859375,1130.449951171875,,,-7808.364078372249,,-1.0,-1.0,,,Double Top,-9.299926757812013,2704.737670898355,LH
2023-09-11,1130.449951171875,1140.0,1125.699951171875,1136.9000244140625,1126.8824462890625,2032253,1141.449951171875,1125.699951171875,,1136.9000244140625,1130.449951171875,,,-1383.5845361350487,Ascending Triangle,-1.0,-1.0,,,,-2.6000976562498477,1572.4665527343498,LL
2023-09-12,1142.050048828125,1153.800048828125,1137.0999755859375,1145.25,1135.1588134765625,3989578,1153.800048828125,1125.699951171875,,1145.25,1130.449951171875,,7420.883880614928,,Ascending Triangle,1.0,1.0,Wedge Up,Channel Up,,6.450073242187186,33.93750000005369,
2023-09-13,1149.0,1156.699951171875,1142.300048828125,1148.75,1138.6279296875,2115524,1156.699951171875,1125.699951171875,Inverse Head and Shoulder,1148.75,1136.9000244140625,,9301.088653564624,,Ascending Triangle,1.0,1.0,Wedge Up,Channel Up,Double Bottom,8.349975585937676,-290.94580078128035,HL
2023-09-14,1148.75,1150.9000244140625,1138.75,1143.800048828125,1133.7216796875,2065163,1156.699951171875,1137.0999755859375,,1148.75,1143.800048828125,,4546.550170898223,,,-1.0,1.0,,,Double Top,3.4999999999997784,543.2500000000384,LH
2023-09-15,1144.0,1153.800048828125,1144.0,1149.800048828125,1139.6688232421875,2404169,1156.699951171875,1138.75,,1149.800048828125,1143.800048828125,,,-3686.362546384319,Ascending Triangle,-1.0,1.0,,,Double Bottom,-4.949951171874984,2005.0915527343723,HL
2023-09-18,1149.0,1157.0,1142.550048828125,1147.6500244140625,1137.53759765625,962842,1157.0,1138.75,,1149.800048828125,1143.800048828125,,6985.700195312346,,,1.0,1.0,Wedge Up,Channel Up,,5.999999999999842,99.80004882815248,HH
2023-09-20,1148.0,1156.0,1139.0,1153.1500244140625,1142.9892578125,2303191,1157.0,1139.0,,1153.1500244140625,1147.6500244140625,,,-953.2463842776292,Ascending Triangle,1.0,-1.0,,,Double Top,-2.150024414062182,1526.0543212890066,LH
2023-09-21,1149.0,1156.949951171875,1141.1500244140625,1146.1500244140625,1136.0509033203125,2088934,1157.0,1139.0,,1153.1500244140625,1146.1500244140625,,6483.475158691586,,,-1.0,-1.0,,,,5.500000000000186,179.6500244140296,HL
2023-09-22,1142.5,1148.0,1128.300048828125,1132.3499755859375,1122.3724365234375,1585418,1156.949951171875,1128.300048828125,,1153.1500244140625,1132.3499755859375,,,-5534.29980468706,,-1.0,-1.0,,,,-6.999999999999538,2392.15002441398,
2023-09-25,1126.199951171875,1136.800048828125,1121.6500244140625,1124.050048828125,1114.1456298828125,1009279,1156.949951171875,1121.6500244140625,,1146.1500244140625,1124.050048828125,,,-11909.38684326398,,-1.0,-1.0,,,,-13.80004882812487,3602.5587158202898,
2023-09-26,1125.0,1130.0,1118.5,1125.8499755859375,1115.9298095703125,1966198,1148.0,1118.5,Head and Shoulder,1132.3499755859375,1124.050048828125,,,-6726.435472413844,Ascending Triangle,-1.0,-1.0,,,Double Top,-8.299926757812443,2618.036865234365,LH
2023-09-27,1126.1500244140625,1145.9000244140625,1123.199951171875,1139.949951171875,1129.905517578125,2332018,1145.9000244140625,1118.5,,1139.949951171875,1124.050048828125,,2851.8896521033403,,Ascending Triangle,1.0,1.0,Wedge Up,Channel Up,,1.7999267578126614,800.0632324218453,
2023-09-28,1142.949951171875,1152.0,1128.8499755859375,1132.300048828125,1122.322998046875,2685663,1152.0,1118.5,,1139.949951171875,1125.8499755859375,,14539.157438963452,,,1.0,1.0,Wedge Up,Channel Up,,14.099975585937289,-1426.245605468711,
2023-09-29,1134.300048828125,1167.4000244140625,1134.300048828125,1158.6500244140625,1148.4407958984375,2288577,1167.4000244140625,1123.199951171875,,1158.6500244140625,1132.300048828125,,,-6331.327359617219,Ascending Triangle,1.0,1.0,Wedge Up,Channel Up,,-7.649902343750474,2532.2321777344614,HH
2023-10-03,1159.550048828125,1161.949951171875,1139.25,1141.449951171875,1131.3922119140625,1946966,1167.4000244140625,1128.8499755859375,,1158.6500244140625,1132.300048828125,,26387.432862549667,,,1.0,1.0,Wedge Up,Channel Up,,26.34997558593713,-3689.7454833983693,HL
2023-10-04,1138.0999755859375,1139.0,1113.0,1123.800048828125,1113.89794921875,1803871,1167.4000244140625,1113.0,,1158.6500244140625,1123.800048828125,,,-15005.979648441367,,-1.0,-1.0,,,,-17.20007324218781,4323.463500976618,
2023-10-05,1124.6500244140625,1128.6500244140625,1111.800048828125,1119.0999755859375,1109.2392578125,2348562,1161.949951171875,1111.800048828125,Head and Shoulder,1141.449951171875,1119.0999755859375,,,-15345.323397218475,,-1.0,-1.0,,,Double Top,-17.649902343749247,4406.681884765486,LH
2023-10-06,1128.0,1132.1500244140625,1123.0999755859375,1127.300048828125,1117.366943359375,1056281,1139.0,1111.800048828125,,1127.300048828125,1119.0999755859375,,,-3300.379123538665,Ascending Triangle,-1.0,1.0,,,,-4.700073242187429,1998.0136718749873,HL
2023-10-09,1111.0,1133.800048828125,1109.0,1123.050048828125,1113.154541015625,1080276,1133.800048828125,1109.0,,1127.300048828125,1119.0999755859375,,8794.77893432896,,,1.0,-1.0,,,,8.200073242186658,-414.3137207029663,LL
2023-10-10,1122.0,1130.4000244140625,1119.800048828125,1126.5,1116.5740966796875,1092093,1133.800048828125,1109.0,,1127.300048828125,1123.050048828125,,,-2861.3249511718777,Ascending Triangle,-1.0,-1.0,Wedge Down,Channel Down,,-4.2500000000000036,1926.3000488281261,LH
2023-10-11,1128.0,1134.449951171875,1122.3499755859375,1128.75,1118.80419921875,1456045,1134.449951171875,1109.0,Inverse Head and Shoulder,1128.75,1123.050048828125,,4365.141662597331,,Ascending Triangle,1.0,1.0,Wedge Up,Channel Up,Double Bottom,3.449951171874654,471.00927734381537,HL
2023-10-12,1129.0,1132.550048828125,1121.199951171875,1130.4000244140625,1120.439697265625,1221965,1134.449951171875,1119.800048828125,,1130.4000244140625,1126.5,,3242.4000549318084,,Ascending Triangle,1.0,1.0,Wedge Up,Channel Up,,2.2500000000001776,698.9999999999668,LH
2023-10-13,1126.0999755859375,1147.199951171875,1122.0,1145.300048828125,1135.20849609375,1934884,1147.199951171875,1121.199951171875,,1145.300048828125,1128.75,,2703.3683789075417,,Ascending Triangle,1.0,-1.0,,,,1.6500244140626044,813.5953369140424,
2023-10-16,1141.5,1147.25,1133.050048828125,1135.300048828125,1125.2965087890625,1144308,1147.25,1121.199951171875,,1145.300048828125,1130.4000244140625,,15185.593781739777,,,1.0,1.0,Wedge Up,Channel Up,,14.900024414062823,-1730.4046630860005,HH
2023-10-17,1138.6500244140625,1144.0,1134.0,1136.800048828125,1126.7833251953125,798807,1147.25,1122.0,,1145.300048828125,1135.300048828125,,,-8292.700439453281,Ascending Triangle,-1.0,1.0,,,,-10.000000000000167,3075.300048828157,LH
2023-10-18,1137.0,1161.800048828125,1134.050048828125,1153.4000244140625,1143.2369384765625,2178517,1161.800048828125,1133.050048828125,,1153.4000244140625,1135.300048828125,,2574.4000854489977,,Ascending Triangle,1.0,1.0,Wedge Up,Channel Up,,1.4999999999997693,844.3000488281698,HH
2023-10-19,1147.4000244140625,1150.0,1135.0,1141.5,1131.44189453125,1765065,1161.800048828125,1134.0,,1153.4000244140625,1136.800048828125,,16848.676940919064,,,1.0,1.0,Wedge Up,Channel Up,,16.599975585938658,-2100.1951904299135,HL
2023-10-20,1138.0,1145.0,1133.0999755859375,1142.199951171875,1132.1357421875,957910,1161.800048828125,1133.0999755859375,Head and Shoulder,1153.4000244140625,1141.5,,,-10106.402495116206,Ascending Triangle,-1.0,-1.0,,,Double Top,-11.900024414062722,3485.8048095703552,LH
2023-10-23,1135.0,1149.199951171875,1118.0,1122.449951171875,1112.5596923828125,702730,1150.0,1118.0,,1142.199951171875,1122.449951171875,,1789.2697778341758,,,-1.0,-1.0,,,,0.6999511718747405,1003.6096191406766,HH
2023-10-25,1125.0,1129.699951171875,1112.800048828125,1120.300048828125,1110.4287109375,1800673,1149.199951171875,1112.800048828125,,1142.199951171875,1120.300048828125,,,-17073.22601318271,,-1.0,-1.0,,,,-19.749999999999037,5052.699951171682,
2023-10-26,1115.949951171875,1117.949951171875,1097.5,1103.699951171875,1093.974853515625,2223975,1149.199951171875,1097.5,Head and Shoulder,1122.449951171875,1103.699951171875,,,-822.5665942424714,,-1.0,-1.0,,,Double Top,-2.14990234374936,1550.280517577997,LH
2023-10-27,1112.0,1119.800048828125,1107.6500244140625,1111.300048828125,1101.5079345703125,1250965,1129.699951171875,1097.5,,1120.300048828125,1103.699951171875,,,-14007.369755863441,Ascending Triangle,-1.0,-1.0,,,Double Bottom,-16.60009765624923,4440.3195800779695,HL
2023-10-30,1115.699951171875,1119.949951171875,1103.8499755859375,1115.199951171875,1105.37353515625,1078813,1119.949951171875,1097.5,,1115.199951171875,1103.699951171875,,8051.7088574168465,,Ascending Triangle,1.0,1.0,Wedge Up,Channel Up,,7.600097656249714,-423.91967773431713,HH
2023-10-31,1119.449951171875,1119.5999755859375,1068.3499755859375,1088.5999755859375,1079.0079345703125,6475786,1119.949951171875,1068.3499755859375,,1115.199951171875,1088.5999755859375,,4568.953371584456,,,-1.0,-1.0,,,,3.8999023437500457,323.5197753906155,LH
2023-11-01,1092.0,1132.550048828125,1082.5999755859375,1116.199951171875,1106.36474609375,3973264,1132.550048828125,1068.3499755859375,,1116.199951171875,1088.5999755859375,,,-23175.89645507786,Ascending Triangle,1.0,-1.0,,,,-26.5999755859359,6514.994995116859,
2023-11-02,1127.8499755859375,1137.550048828125,1110.5999755859375,1132.8499755859375,1122.8681640625,3454692,1137.550048828125,1068.3499755859375,,1132.8499755859375,1088.5999755859375,,26724.8366247567,,Ascending Triangle,1.0,1.0,Wedge Up,Channel Up,,27.599975585937763,-4541.795043945366,
2023-11-03,1138.5,1145.699951171875,1131.5,1141.0999755859375,1131.04541015625,1741756,1145.699951171875,1082.5999755859375,,1141.0999755859375,1116.199951171875,,16702.287398681976,,Ascending Triangle,1.0,1.0,Wedge Up,Channel Up,,16.6500244140635,-2297.0550537111435,
2023-11-06,1140.0999755859375,1151.0,1140.0,1150.0,1139.866943359375,1428537,1151.0,1110.5999755859375,,1150.0,1132.8499755859375,,8920.849975585534,,Ascending Triangle,1.0,1.0,Wedge Up,Channel Up,,8.249999999999572,-566.650024413974,
2023-11-07,1149.0,1173.550048828125,1146.550048828125,1170.949951171875,1160.6324462890625,1811831,1173.550048828125,1131.5,,1170.949951171875,1141.0999755859375,,9720.278074950375,,Ascending Triangle,1.0,1.0,Wedge Up,Channel Up,,8.90002441406291,-701.205078125085,
2023-11-08,1175.0,1182.9000244140625,1171.0,1176.699951171875,1166.3316650390625,1702301,1182.9000244140625,1140.0,Inverse Head and Shoulder,1176.699951171875,1150.0,,21444.216677247678,,Ascending Triangle,1.0,1.0,Wedge Up,Channel Up,Double Bottom,20.949951171874172,-3207.589843749826,HL
2023-11-09,1181.0,1183.25,1166.8499755859375,1176.199951171875,1165.8360595703125,1849169,1183.25,1146.550048828125,,1176.699951171875,1170.949951171875,,6732.349670409956,,,1.0,1.0,Wedge Up,Channel Up,,5.749999999999793,-30.80004882808142,LL
2023-11-10,1174.050048828125,1181.5,1170.0999755859375,1179.3499755859375,1168.9583740234375,957539,1183.25,1166.8499755859375,,1179.3499755859375,1176.199951171875,,,692.0249633788746,Ascending Triangle,-1.0,-1.0,Wedge Down,Channel Down,,-0.500000000000033,1281.6999511718823,LH
2023-11-13,1180.0999755859375,1187.550048828125,1173.75,1177.800048828125,1167.422119140625,816825,1187.550048828125,1166.8499755859375,Inverse Head and Shoulder,1179.3499755859375,1176.199951171875,,4221.643708497371,,,1.0,1.0,Wedge Up,Channel Up,Double Bottom,3.1500244140625875,511.5447998046697,HL
2023-11-15,1179.5,1184.4000244140625,1171.0,1180.9000244140625,1170.4947509765625,2246320,1187.550048828125,1170.0999755859375,,1180.9000244140625,1177.800048828125,,,-322.37409789892035,Ascending Triangle,1.0,1.0,Wedge Up,Channel Up,,-1.5499267578128288,1507.934448242258,LH
2023-11-16,1182.0,1194.9000244140625,1179.5999755859375,1189.550048828125,1179.068603515625,2205723,1194.9000244140625,1171.0,,1189.550048828125,1177.800048828125,,4205.081358641308,,Ascending Triangle,1.0,1.0,Wedge Up,Channel Up,,3.09997558593742,517.5052490234541,
2023-11-17,1189.800048828125,1198.4000244140625,1187.949951171875,1194.5999755859375,1184.073974609375,891965,1198.4000244140625,1171.0,Inverse Head and Shoulder,1194.5999755859375,1180.9000244140625,,9663.113753661668,,Ascending Triangle,1.0,1.0,Wedge Up,Channel Up,Double Bottom,8.650024414062656,-670.2052001953458,HL
2023-11-20,1196.0,1198.25,1185.25,1188.0,1177.5322265625,1054810,1198.4000244140625,1179.5999755859375,,1194.5999755859375,1188.0,,6103.128784180067,,,1.0,1.0,Wedge Up,Channel Up,,5.04992675781289,103.81579589835378,LH
2023-11-21,1189.0,1205.0,1186.25,1201.4000244140625,1190.8140869140625,999135,1205.0,1185.25,,1201.4000244140625,1188.0,,,-5309.016127929207,Ascending Triangle,1.0,-1.0,,,,-6.599975585937618,2620.194702148464,
2023-11-22,1205.0,1214.800048828125,1199.0,1204.0999755859375,1193.490234375,1401782,1214.800048828125,1185.25,Inverse Head and Shoulder,1204.0999755859375,1188.0,,14415.163771972959,,Ascending Triangle,1.0,1.0,Wedge Up,Channel Up,Double Bottom,13.400024414063411,-1719.805297851761,HL
2023-11-23,1203.550048828125,1209.9000244140625,1194.75,1198.800048828125,1188.2369384765625,1177434,1214.800048828125,1186.25,,1204.0999755859375,1198.800048828125,,3849.5122656223057,,,1.0,1.0,Wedge Up,Channel Up,,2.6999511718746834,612.8106689453821,
2023-11-24,1200.0,1209.5999755859375,1192.800048828125,1195.449951171875,1184.91650390625,1376695,1214.800048828125,1192.800048828125,,1204.0999755859375,1195.449951171875,,,-3971.0132482945082,,-1.0,-1.0,,,,-5.299926757812414,2364.783935546856,
2023-11-28,1197.1500244140625,1200.3499755859375,1189.75,1191.3499755859375,1180.8525390625,886708,1209.9000244140625,1189.75,Head and Shoulder,1198.800048828125,1191.3499755859375,,,-2055.3172277806816,,-1.0,-1.0,,,Double Top,-3.350097656249859,1935.8215332030938,LH
2023-11-29,1191.949951171875,1209.5,1184.5,1202.199951171875,1191.6070556640625,1813462,1209.5999755859375,1184.5,,1202.199951171875,1191.3499755859375,,,-2827.445893555828,Ascending Triangle,-1.0,-1.0,,,,-4.099975585937448,2101.544555664051,LL
2023-11-30,1192.3499755859375,1231.1500244140625,1192.3499755859375,1225.8499755859375,1215.048583984375,4672807,1231.1500244140625,1184.5,,1225.8499755859375,1191.3499755859375,,12083.097702637257,,Ascending Triangle,1.0,1.0,Wedge Up,Channel Up,,10.849975585937441,-1217.3446044921736,
2023-12-01,1233.050048828125,1241.8499755859375,1225.0,1231.25,1220.401123046875,1749751,1241.8499755859375,1184.5,Inverse Head and Shoulder,1231.25,1202.199951171875,,25047.3370666509,,Ascending Triangle,1.0,1.0,Wedge Up,Channel Up,Double Bottom,23.650024414063004,-4071.7554931641757,HL
2023-12-04,1237.25,1240.0,1220.5,1231.1500244140625,1220.3018798828125,1615837,1241.8499755859375,1192.3499755859375,,1231.25,1225.8499755859375,,6664.484696045488,,,1.0,1.0,Wedge Up,Channel Up,,5.40002441406247,16.244506835944613,LH
2023-12-05,1225.9000244140625,1243.5999755859375,1220.550048828125,1239.550048828125,1228.6279296875,930042,1243.5999755859375,1220.5,,1239.550048828125,1231.1500244140625,,,1129.8197644055174,Ascending Triangle,1.0,-1.0,,,,-0.09997558593747106,1253.74450683593,
2023-12-06,1248.550048828125,1258.0,1233.300048828125,1240.3499755859375,1229.4208984375,1704590,1258.0,1220.5,Inverse Head and Shoulder,1240.3499755859375,1231.1500244140625,,9751.714583739731,,Ascending Triangle,1.0,1.0,Wedge Up,Channel Up,Double Bottom,8.400024414062592,-667.2554931640835,HL
2023-12-07,1231.0,1241.9000244140625,1228.9000244140625,1239.300048828125,1228.3802490234375,1478355,1258.0,1220.550048828125,,1240.3499755859375,1239.300048828125,,2049.315944820554,,,-1.0,1.0,,,Double Top,0.7999267578124125,1057.9666748047073,LH
2023-12-08,1236.050048828125,1247.5999755859375,1230.6500244140625,1235.800048828125,1224.9110107421875,1612113,1258.0,1228.9000244140625,,1240.3499755859375,1235.800048828125,,,182.2337377964966,,-1.0,-1.0,,,,-1.0499267578125482,1479.7332763671986,HL
2023-12-11,1236.0,1246.3499755859375,1215.0999755859375,1241.4000244140625,1230.461669921875,1172972,1247.5999755859375,1215.0999755859375,,1241.4000244140625,1235.800048828125,,,-2304.1000366217118,Ascending Triangle,1.0,-1.0,,,,-3.5000000000006115,2040.8000488282664,LH
2023-12-12,1249.0,1250.0,1212.6500244140625,1218.0,1207.267822265625,2832873,1250.0,1212.6500244140625,,1241.4000244140625,1218.0,,6768.575927734545,,,1.0,-1.0,,,,5.599975585937672,-52.19433593753979,HH
2023-12-13,1218.300048828125,1239.5999755859375,1212.6500244140625,1233.0999755859375,1222.2347412109375,2448178,1250.0,1212.6500244140625,,1241.4000244140625,1218.0,,,-22207.763869628703,Ascending Triangle,-1.0,-1.0,Wedge Down,Channel Down,Double Top,-23.400024414062894,6646.805664062593,LH
2023-12-14,1239.0,1239.9000244140625,1224.25,1231.300048828125,1220.45068359375,2341190,1250.0,1212.6500244140625,,1233.0999755859375,1218.0,,16307.40634033186,,,-1.0,1.0,,,,15.099975585938523,-2285.194335937738,
2023-12-15,1241.0,1246.5,1233.0,1235.75,1224.8614501953125,3474624,1246.5,1212.6500244140625,,1235.75,1231.300048828125,,,-571.7765808101947,Ascending Triangle,1.0,1.0,Wedge Up,Channel Up,,-1.7999267578121494,1652.4829101561688,
2023-12-18,1235.75,1267.9000244140625,1234.0,1252.75,1241.7115478515625,2135393,1267.9000244140625,1224.25,,1252.75,1231.300048828125,,5764.687805175822,,Ascending Triangle,1.0,1.0,Wedge Up,Channel Up,,4.449951171875041,190.0114746093654,
2023-12-19,1264.800048828125,1267.949951171875,1236.5,1244.949951171875,1233.980224609375,2187458,1267.949951171875,1233.0,,1252.75,1235.75,,18404.899169920493,,,1.0,1.0,Wedge Up,Channel Up,,16.99999999999863,-2759.249999999677,HL
2023-12-20,1255.0,1255.0,1228.449951171875,1232.1500244140625,1221.293212890625,1837031,1267.949951171875,1228.449951171875,,1252.75,1232.1500244140625,,,-6517.268830567928,,-1.0,-1.0,,,,-7.8000488281253295,3093.5615234375764,
2023-12-21,1224.0999755859375,1237.949951171875,1208.550048828125,1233.5,1222.6312255859375,1916222,1267.949951171875,1208.550048828125,Head and Shoulder,1244.949951171875,1232.1500244140625,,,-11510.177062988718,Ascending Triangle,-1.0,-1.0,,,Double Top,-12.799926757812939,4278.532592773544,LH
2023-12-22,1240.0,1251.0,1236.050048828125,1243.6500244140625,1232.69189453125,2058127,1255.0,1208.550048828125,,1243.6500244140625,1232.1500244140625,,2589.7530053706387,,Ascending Triangle,-1.0,1.0,,,,1.34997558593764,910.8558349609041,HH
2023-12-26,1243.6500244140625,1250.0,1239.300048828125,1247.5,1236.5078125,1796483,1251.0,1208.550048828125,,1247.5,1233.5,,11469.7996215819,,Ascending Triangle,1.0,1.0,Wedge Up,Channel Up,,10.15002441406237,-1192.355834960907,LH
2023-12-27,1250.0,1255.4000244140625,1241.25,1252.449951171875,1241.4141845703125,2005268,1255.4000244140625,1236.050048828125,,1252.449951171875,1243.6500244140625,,5141.557618409517,,Ascending Triangle,1.0,1.0,Wedge Up,Channel Up,,3.8499755859376203,319.6558837890337,
2023-12-28,1254.949951171875,1264.6500244140625,1249.550048828125,1262.1500244140625,1251.02880859375,2043365,1264.6500244140625,1239.300048828125,,1262.1500244140625,1247.5,,6302.142760008785,,Ascending Triangle,1.0,1.0,Wedge Up,Channel Up,,4.949951171875209,54.56176757807347,
2023-12-29,1262.0999755859375,1271.949951171875,1252.550048828125,1259.449951171875,1248.3525390625,1840160,1271.949951171875,1241.25,,1262.1500244140625,1252.449951171875,,11121.788997799318,,,1.0,1.0,Wedge Up,Channel Up,,9.700073242187658,-1094.9677734375373,
