,CumReturns,Date,Daily Brokerage,Final Balance
0,0.0,2019-01-01,80,100000.0
1,0.0,2019-01-02,220,100000.0
2,0.0,2019-01-03,220,100000.0
3,0.0,2019-01-04,80,100000.0
4,0.0,2019-01-07,80,100000.0
5,0.0,2019-01-08,140,100000.0
6,0.0,2019-01-09,220,100000.0
7,0.0,2019-01-10,140,100000.0
8,0.0,2019-01-11,220,100000.0
9,0.0,2019-01-14,80,100000.0
10,0.0,2019-01-15,80,100000.0
11,0.0,2019-01-16,140,100000.0
12,0.0,2019-01-17,220,100000.0
13,0.0,2019-01-18,140,100000.0
14,0.0,2019-01-21,140,100000.0
15,0.0,2019-01-22,220,100000.0
16,0.0,2019-01-23,140,100000.0
17,0.0,2019-01-24,140,100000.0
18,-1062.5,2019-01-25,80,98857.5
19,677.5000000000003,2019-01-28,80,99455.0
20,1309.9999999999998,2019-01-29,80,100685.0
21,-2355.0000000000005,2019-01-30,140,98190.0
22,-2627.5,2019-01-31,80,95482.5
23,0.0,2019-02-01,80,95482.5
24,0.0,2019-02-04,140,95482.5
25,0.0,2019-02-05,140,95482.5
26,0.0,2019-02-06,80,95482.5
27,0.0,2019-02-07,80,95482.5
28,0.0,2019-02-08,80,95482.5
29,1217.500000000001,2019-02-11,140,96560.0
30,722.5000000000001,2019-02-12,80,97202.5
31,-312.5000000000001,2019-02-13,220,96670.0
32,2219.9999999999995,2019-02-14,80,98810.0
33,550.0,2019-02-15,80,99280.0
34,2127.5,2019-02-18,140,101267.5
35,-1082.5000000000002,2019-02-19,140,100045.0
36,917.5000000000005,2019-02-20,140,100822.5
37,667.5000000000003,2019-02-21,80,101410.0
38,189.99999999999991,2019-02-22,140,101460.0
39,1015.0000000000008,2019-02-25,220,102255.0
40,-2469.9999999999995,2019-02-26,140,99645.0
41,-687.4999999999992,2019-02-27,80,98877.5
42,-1409.9999999999998,2019-02-28,220,97247.5
43,1924.9999999999995,2019-03-01,140,99032.5
44,-2607.5000000000005,2019-03-05,80,96345.0
45,1687.4999999999998,2019-03-06,140,97892.5
46,2335.0,2019-03-07,140,100087.5
47,352.4999999999998,2019-03-08,80,100360.0
48,647.5,2019-03-11,80,100927.5
49,480.0,2019-03-12,220,101187.5
50,1734.9999999999998,2019-03-13,140,102782.5
51,1687.4999999999998,2019-03-14,140,104330.0
52,304.9999999999993,2019-03-15,80,104555.0
53,1370.0,2019-03-18,80,105845.0
54,1645.0000000000005,2019-03-19,140,107350.0
55,720.0000000000002,2019-03-20,140,107930.0
56,4472.5,2019-03-22,140,112262.5
57,892.5,2019-03-25,80,113075.0
58,-1720.000000000001,2019-03-26,80,111275.0
59,-3415.0000000000005,2019-03-27,140,107720.0
60,1715.0,2019-03-28,140,109295.0
61,-342.5000000000005,2019-03-29,140,108812.5
62,652.5000000000002,2019-04-01,80,109385.0
63,-60.0000000000004,2019-04-02,80,109245.0
64,-1855.0,2019-04-03,220,107170.0
65,-257.50000000000045,2019-04-04,80,106832.5
66,1637.4999999999998,2019-04-05,140,108330.0
67,2780.000000000001,2019-04-08,220,110890.0
68,4612.499999999999,2019-04-09,140,115362.5
69,-1557.5000000000005,2019-04-10,220,113585.0
70,1780.0000000000002,2019-04-11,80,115285.0
71,2150.0000000000005,2019-04-12,220,117215.0
72,359.99999999999983,2019-04-15,80,117495.0
73,-122.50000000000044,2019-04-16,80,117292.5
74,2750.0,2019-04-18,140,119902.5
75,559.9999999999998,2019-04-22,80,120382.5
76,3204.9999999999995,2019-04-23,140,123447.5
77,-3152.5,2019-04-24,80,120215.0
78,-3007.5,2019-04-25,80,117127.5
79,892.4999999999998,2019-04-26,80,117940.0
80,-107.49999999999989,2019-04-30,140,117692.5
81,2722.4999999999995,2019-05-02,140,120275.0
82,-60.000000000000455,2019-05-03,220,119995.0
83,212.50000000000009,2019-05-06,80,120127.5
84,1850.0000000000005,2019-05-07,220,121757.5
85,-180.0000000000003,2019-05-08,80,121497.5
86,2220.0,2019-05-09,80,123637.5
87,-22.49999999999987,2019-05-10,220,123395.0
88,3862.5,2019-05-13,140,127117.5
89,102.49999999999976,2019-05-14,80,127140.0
90,-3172.500000000001,2019-05-15,140,123827.5
91,-2475.0,2019-05-16,140,121212.5
92,-419.9999999999988,2019-05-17,80,120712.5
93,1779.9999999999995,2019-05-20,80,122412.5
94,-589.9999999999985,2019-05-21,80,121742.5
95,-3345.000000000002,2019-05-22,140,118257.5
96,-2995.0,2019-05-23,140,115122.5
97,-1680.0,2019-05-24,80,113362.5
98,567.4999999999995,2019-05-27,80,113850.0
99,-1192.4999999999998,2019-05-28,140,112517.5
100,1847.5,2019-05-29,140,114225.0
101,662.5000000000001,2019-05-30,80,114807.5
102,-4332.5,2019-05-31,80,110395.0
103,4472.500000000001,2019-06-03,220,114647.5
104,1670.0000000000005,2019-06-04,80,116237.5
105,-2259.9999999999995,2019-06-06,80,113897.5
106,79.99999999999966,2019-06-07,80,113897.5
107,222.5,2019-06-10,80,114040.0
108,1137.5,2019-06-11,80,115097.5
109,842.5,2019-06-12,80,115860.0
110,137.4999999999997,2019-06-13,140,115857.5
111,2405.000000000001,2019-06-14,140,118122.5
112,-362.4999999999996,2019-06-17,80,117680.0
113,272.49999999999955,2019-06-18,140,117812.5
114,-3365.0000000000005,2019-06-19,140,114307.5
115,965.0,2019-06-20,220,115052.5
116,639.9999999999994,2019-06-21,80,115612.5
117,1720.0000000000005,2019-06-24,140,117192.5
118,1449.9999999999998,2019-06-25,220,118422.5
119,1767.4999999999998,2019-06-26,140,120050.0
120,2205.0,2019-06-27,80,122175.0
121,352.5,2019-06-28,80,122447.5
122,1110.000000000001,2019-07-01,140,123417.5
123,1934.9999999999995,2019-07-02,140,125212.5
124,292.4999999999999,2019-07-03,140,125365.0
125,2067.4999999999995,2019-07-04,140,127292.5
126,7057.5,2019-07-05,220,134130.0
127,-3362.5,2019-07-08,80,130687.5
128,2135.0000000000005,2019-07-09,140,132682.5
129,-264.99999999999943,2019-07-10,140,132277.5
130,807.5000000000001,2019-07-11,80,133005.0
131,1354.9999999999989,2019-07-12,220,134140.0
132,349.9999999999996,2019-07-15,80,134410.0
133,690.0,2019-07-16,80,135020.0
134,1180.0000000000005,2019-07-17,80,136120.0
135,567.5,2019-07-18,220,136467.5
136,-1604.9999999999998,2019-07-19,80,134782.5
137,1002.5000000000002,2019-07-22,80,135705.0
138,2104.9999999999995,2019-07-23,220,137590.0
139,-372.4999999999998,2019-07-24,140,137077.5
140,7.5,2019-07-25,140,136945.0
141,810.0000000000002,2019-07-26,80,137675.0
142,-307.50000000000045,2019-07-29,80,137287.5
143,1587.5,2019-07-30,220,138655.0
144,272.50000000000006,2019-07-31,80,138847.5
145,2885.0,2019-08-01,220,141512.5
146,5572.499999999998,2019-08-02,220,146865.0
147,297.4999999999996,2019-08-05,80,147082.5
148,2170.0,2019-08-06,220,149032.5
149,3885.0,2019-08-07,140,152777.5
150,6085.0,2019-08-08,140,158722.5
151,575.0000000000002,2019-08-09,80,159217.5
152,2937.5,2019-08-13,220,161935.0
153,-100.00000000000074,2019-08-14,80,161755.0
154,1057.5000000000005,2019-08-16,140,162672.5
155,297.4999999999999,2019-08-19,80,162890.0
156,1185.0000000000002,2019-08-20,80,163995.0
157,3915.0,2019-08-21,220,167690.0
158,-1777.4999999999995,2019-08-22,80,165832.5
159,-1740.0000000000002,2019-08-23,80,164012.5
160,-765.0000000000009,2019-08-26,220,163027.5
161,1350.0000000000005,2019-08-27,80,164297.5
162,-619.9999999999995,2019-08-28,140,163537.5
163,930.0,2019-08-29,140,164327.5
164,-127.5000000000009,2019-08-30,220,163980.0
165,4092.500000000002,2019-09-03,140,167932.5
166,810.0000000000002,2019-09-04,80,168662.5
167,-3110.0000000000005,2019-09-05,140,165412.5
168,1769.9999999999995,2019-09-06,220,166962.5
169,987.5000000000005,2019-09-09,80,167870.0
170,254.99999999999957,2019-09-11,140,167985.0
171,480.00000000000034,2019-09-12,140,168325.0
172,-2359.999999999999,2019-09-13,140,165825.0
173,2420.0000000000005,2019-09-16,140,168105.0
174,-1315.0000000000002,2019-09-17,80,166710.0
175,2750.0,2019-09-18,140,169320.0
176,742.4999999999997,2019-09-19,80,169982.5
177,-4242.500000000001,2019-09-20,80,165660.0
178,-372.49999999999903,2019-09-23,80,165207.5
179,2937.5000000000023,2019-09-24,140,168005.0
180,992.5,2019-09-25,80,168917.5
181,129.9999999999999,2019-09-26,140,168907.5
182,2065.0000000000005,2019-09-27,140,170832.5
183,1355.0000000000005,2019-09-30,80,172107.5
184,2187.5,2019-10-01,220,174075.0
185,2725.0,2019-10-03,140,176660.0
186,5597.5,2019-10-04,140,182117.5
187,2477.499999999999,2019-10-07,140,184455.0
188,-2862.5,2019-10-09,220,181372.5
189,1217.5,2019-10-10,140,182450.0
190,202.49999999999983,2019-10-11,80,182572.5
191,700.0000000000002,2019-10-14,80,183192.5
192,2422.499999999998,2019-10-15,220,185395.0
193,2105.000000000001,2019-10-16,140,187360.0
194,-2469.9999999999995,2019-10-17,80,184810.0
195,897.4999999999997,2019-10-18,80,185627.5
196,1022.5000000000005,2019-10-22,80,186570.0
197,1045.0000000000002,2019-10-23,80,187535.0
198,1647.5000000000005,2019-10-24,140,189042.5
199,1732.499999999999,2019-10-25,220,190555.0
200,-3177.5,2019-10-29,80,187297.5
201,162.49999999999957,2019-10-30,140,187320.0
202,1815.0,2019-10-31,80,189055.0
203,990.0,2019-11-01,80,189965.0
204,507.4999999999999,2019-11-04,80,190392.5
205,1170.0000000000002,2019-11-05,140,191422.5
206,3484.999999999999,2019-11-06,140,194767.5
207,1922.5,2019-11-07,140,196550.0
208,-1182.5,2019-11-08,140,195227.5
209,407.5000000000003,2019-11-11,80,195555.0
210,2050.0000000000005,2019-11-13,220,197385.0
211,422.50000000000034,2019-11-14,140,197667.5
212,-1152.4999999999995,2019-11-15,140,196375.0
213,697.4999999999992,2019-11-18,140,196932.5
214,492.5000000000002,2019-11-19,80,197345.0
215,842.4999999999998,2019-11-20,80,198107.5
216,2377.5,2019-11-21,140,200345.0
217,509.9999999999998,2019-11-22,80,200775.0
218,-1462.5,2019-11-25,80,199232.5
219,940.0000000000002,2019-11-26,80,200092.5
220,2112.5000000000005,2019-11-27,140,202065.0
221,-367.50000000000006,2019-11-28,80,201617.5
222,-47.50000000000054,2019-11-29,80,201490.0
223,-370.00000000000136,2019-12-02,140,200980.0
224,1110.0,2019-12-03,80,202010.0
225,-1375.0,2019-12-04,140,200495.0
226,-2720.0,2019-12-05,140,197635.0
227,1494.999999999999,2019-12-06,220,198910.0
228,695.0000000000003,2019-12-09,80,199525.0
229,2890.0000000000005,2019-12-10,220,202195.0
230,445.0000000000001,2019-12-11,140,202500.0
231,1640.0,2019-12-12,220,203920.0
232,-1072.5000000000002,2019-12-13,80,202767.5
233,497.5000000000008,2019-12-16,80,203185.0
234,-190.00000000000009,2019-12-17,80,202915.0
235,455.0,2019-12-18,80,203290.0
236,-872.5,2019-12-19,80,202337.5
237,1190.0000000000005,2019-12-20,140,203387.5
238,1475.0,2019-12-23,140,204722.5
239,2587.5,2019-12-24,140,207170.0
240,-1555.0,2019-12-26,80,205535.0
241,1590.0000000000002,2019-12-27,140,206985.0
242,845.0000000000002,2019-12-30,80,207750.0
243,1757.4999999999998,2019-12-31,140,209367.5
244,690.0000000000002,2020-01-01,80,209977.5
245,-2140.0000000000005,2020-01-02,80,207757.5
246,447.4999999999999,2020-01-03,80,208125.0
247,25.00000000000024,2020-01-06,80,208070.0
248,-762.5000000000005,2020-01-07,80,207227.5
249,1352.5000000000005,2020-01-08,80,208500.0
250,-1177.4999999999998,2020-01-09,80,207242.5
251,232.4999999999997,2020-01-10,80,207395.0
252,1272.5000000000002,2020-01-13,140,208527.5
253,2657.499999999999,2020-01-14,140,211045.0
254,-414.99999999999966,2020-01-15,80,210550.0
255,-27.499999999999773,2020-01-16,80,210442.5
256,587.4999999999999,2020-01-17,80,210950.0
257,-190.00000000000023,2020-01-20,80,210680.0
258,1369.9999999999998,2020-01-21,140,211910.0
259,-1072.4999999999995,2020-01-22,80,210757.5
260,1089.9999999999998,2020-01-23,140,211707.5
261,-52.50000000000071,2020-01-24,80,211575.0
262,1267.5,2020-01-27,220,212622.5
263,2322.5000000000005,2020-01-28,220,214725.0
264,872.5000000000001,2020-01-29,80,215517.5
265,2427.5,2020-01-30,220,217725.0
266,5617.5,2020-01-31,140,223202.5
267,8649.999999999998,2020-02-01,220,231632.5
268,-702.5,2020-02-03,140,230790.0
269,-77.49999999999972,2020-02-04,80,230632.5
270,-284.9999999999994,2020-02-05,80,230267.5
271,2037.5,2020-02-06,80,232225.0
272,-409.9999999999999,2020-02-07,140,231675.0
273,-1335.0000000000005,2020-02-10,140,230200.0
274,452.50000000000034,2020-02-11,80,230572.5
275,397.5000000000001,2020-02-12,80,230890.0
276,1144.9999999999998,2020-02-13,80,231955.0
277,102.49999999999994,2020-02-14,140,231917.5
278,502.5000000000001,2020-02-17,80,232340.0
279,65.0,2020-02-18,80,232325.0
280,465.0000000000005,2020-02-19,80,232710.0
281,-330.0,2020-02-20,140,232240.0
282,-1902.4999999999995,2020-02-24,80,230257.5
283,2580.0,2020-02-25,140,232697.5
284,2852.499999999999,2020-02-26,220,235330.0
285,1085.0,2020-02-27,80,236335.0
286,-147.49999999999983,2020-02-28,80,236107.5
287,-3072.5,2020-03-02,140,232895.0
288,520.0000000000007,2020-03-03,80,233335.0
289,7319.999999999999,2020-03-04,220,240435.0
290,2392.5,2020-03-05,80,242747.5
291,3882.500000000001,2020-03-06,80,246550.0
292,409.9999999999999,2020-03-09,80,246880.0
293,707.5000000000003,2020-03-11,80,247507.5
294,-559.9999999999989,2020-03-12,80,246867.5
295,0.0,2020-03-13,0,246867.5
296,-2062.5000000000064,2020-03-16,140,244665.0
297,15330.000000000002,2020-03-17,140,259855.0
298,-11537.5,2020-03-18,80,248237.5
299,-125.0,2020-03-19,80,248032.5
300,14374.999999999996,2020-03-20,220,262187.5
301,-95.0000000000017,2020-03-23,80,262012.5
302,-1970.00000000001,2020-03-24,140,259902.5
303,12362.5,2020-03-25,220,272045.0
304,2775.0,2020-03-26,140,274680.0
305,-2397.499999999999,2020-03-27,140,272142.5
306,1599.9999999999975,2020-03-30,140,273602.5
307,1540.000000000001,2020-03-31,140,275002.5
308,-1472.5000000000002,2020-04-01,80,273450.0
309,2402.5,2020-04-03,80,275772.5
310,-2952.4999999999995,2020-04-07,80,272740.0
311,94.99999999999932,2020-04-08,80,272755.0
312,-5482.499999999999,2020-04-09,140,267132.5
313,-1495.0,2020-04-13,140,265497.5
314,-447.4999999999994,2020-04-15,80,264970.0
315,-362.50000000000017,2020-04-16,80,264527.5
316,3445.000000000001,2020-04-17,140,267832.5
317,387.50000000000097,2020-04-20,80,268140.0
318,177.50000000000057,2020-04-21,80,268237.5
319,-317.49999999999983,2020-04-22,80,267840.0
320,397.4999999999999,2020-04-23,80,268157.5
321,2687.4999999999995,2020-04-24,140,270705.0
322,-1797.5,2020-04-27,140,268767.5
323,2477.4999999999995,2020-04-28,140,271105.0
324,-357.4999999999998,2020-04-29,80,270667.5
325,3805.0,2020-04-30,140,274332.5
326,59.99999999999886,2020-05-04,80,274312.5
327,6624.999999999998,2020-05-05,140,280797.5
328,-2102.5000000000005,2020-05-06,140,278555.0
329,3525.0,2020-05-07,220,281860.0
330,-2400.0,2020-05-08,140,279320.0
331,3084.9999999999995,2020-05-11,140,282265.0
332,-217.49999999999943,2020-05-12,80,281967.5
333,-55.00000000000074,2020-05-13,80,281832.5
334,5385.0,2020-05-14,220,286997.5
335,120.000000000001,2020-05-15,80,287037.5
336,379.9999999999985,2020-05-18,140,287277.5
337,662.5000000000001,2020-05-19,80,287860.0
338,5637.500000000001,2020-05-20,220,293277.5
339,2377.5,2020-05-21,80,295575.0
340,-2122.499999999998,2020-05-22,140,293312.5
341,-1107.5000000000005,2020-05-26,80,292125.0
342,1609.9999999999995,2020-05-27,220,293515.0
343,-1250.0000000000002,2020-05-28,80,292185.0
344,-619.9999999999994,2020-05-29,80,291485.0
345,789.9999999999995,2020-06-01,80,292195.0
346,7364.999999999998,2020-06-02,140,299420.0
347,-2217.4999999999995,2020-06-03,140,297062.5
348,-3045.0,2020-06-04,140,293877.5
349,1852.5,2020-06-05,140,295590.0
350,-439.9999999999998,2020-06-08,80,295070.0
351,-590.0000000000014,2020-06-09,140,294340.0
352,-3417.5000000000014,2020-06-10,140,290782.5
353,-1717.4999999999998,2020-06-11,80,288985.0
354,-1387.500000000001,2020-06-12,80,287517.5
355,415.00000000000085,2020-06-15,80,287852.5
356,-402.4999999999998,2020-06-16,80,287370.0
357,-1774.9999999999975,2020-06-17,140,285455.0
358,3195.000000000001,2020-06-18,220,288430.0
359,-457.4999999999997,2020-06-19,80,287892.5
360,-267.50000000000205,2020-06-22,140,287485.0
361,4327.500000000001,2020-06-23,220,291592.5
362,-2870.000000000001,2020-06-24,80,288642.5
363,-1622.4999999999986,2020-06-25,140,286880.0
364,887.5000000000008,2020-06-26,220,287547.5
365,812.5000000000007,2020-06-29,80,288280.0
366,34.999999999999346,2020-06-30,220,288095.0
367,4419.999999999998,2020-07-01,220,292295.0
368,814.9999999999997,2020-07-02,80,293030.0
369,1100.000000000001,2020-07-03,80,294050.0
370,174.99999999999952,2020-07-06,80,294145.0
371,2292.5,2020-07-07,140,296297.5
372,1985.000000000001,2020-07-08,220,298062.5
373,1147.5,2020-07-09,140,299070.0
374,-37.49999999999835,2020-07-10,140,298892.5
375,-1210.0000000000014,2020-07-13,140,297542.5
376,-65.00000000000034,2020-07-14,80,297397.5
377,-827.5000000000007,2020-07-15,80,296490.0
378,-205.0,2020-07-16,140,296145.0
379,-277.49999999999994,2020-07-17,80,295787.5
380,2692.500000000001,2020-07-20,140,298340.0
381,532.5,2020-07-21,80,298792.5
382,29.99999999999909,2020-07-22,140,298682.5
383,1962.5,2020-07-23,140,300505.0
384,-1650.0000000000002,2020-07-24,140,298715.0
385,2470.000000000001,2020-07-27,140,301045.0
386,-622.4999999999995,2020-07-28,80,300342.5
387,829.9999999999995,2020-07-29,140,301032.5
388,-4260.0,2020-07-30,140,296632.5
389,112.5,2020-07-31,140,296605.0
390,75.00000000000031,2020-08-03,80,296600.0
391,-907.5000000000008,2020-08-04,80,295612.5
392,-329.9999999999999,2020-08-05,80,295202.5
393,-875.0,2020-08-06,140,294187.5
394,2659.999999999999,2020-08-07,140,296707.5
395,789.9999999999998,2020-08-10,80,297417.5
396,667.4999999999998,2020-08-11,140,297945.0
397,689.9999999999997,2020-08-12,80,298555.0
398,322.4999999999999,2020-08-13,140,298737.5
399,-1137.5000000000011,2020-08-14,220,297380.0
400,1244.999999999999,2020-08-17,80,298545.0
401,-779.9999999999998,2020-08-18,80,297685.0
402,-657.5000000000001,2020-08-19,140,296887.5
403,765.0,2020-08-20,80,297572.5
404,87.50000000000014,2020-08-21,140,297520.0
405,-187.49999999999997,2020-08-24,80,297252.5
406,709.9999999999998,2020-08-25,80,297882.5
407,2117.4999999999995,2020-08-26,220,299780.0
408,352.5000000000001,2020-08-27,80,300052.5
409,-272.4999999999993,2020-08-28,140,299640.0
410,2269.999999999998,2020-08-31,220,301690.0
411,1057.4999999999995,2020-09-01,80,302667.5
412,1232.5,2020-09-02,220,303680.0
413,-590.0000000000006,2020-09-03,140,302950.0
414,2089.9999999999995,2020-09-04,220,304820.0
415,729.9999999999995,2020-09-07,80,305470.0
416,-1315.000000000001,2020-09-08,140,304015.0
417,825.0,2020-09-09,80,304760.0
418,-2375.0,2020-09-10,80,302305.0
419,1177.5000000000005,2020-09-11,140,303342.5
420,3464.999999999998,2020-09-14,220,306587.5
421,1447.5000000000002,2020-09-15,140,307895.0
422,107.49999999999986,2020-09-16,80,307922.5
423,42.49999999999999,2020-09-17,140,307825.0
424,1490.0,2020-09-18,220,309095.0
425,2442.499999999998,2020-09-21,220,311317.5
426,1162.5000000000002,2020-09-22,140,312340.0
427,3975.000000000001,2020-09-23,220,316095.0
428,-1997.5,2020-09-24,80,314017.5
429,-334.9999999999992,2020-09-25,140,313542.5
430,512.5000000000001,2020-09-28,80,313975.0
431,-599.9999999999998,2020-09-29,140,313235.0
432,-442.4999999999996,2020-09-30,140,312652.5
433,-717.4999999999995,2020-10-01,80,311855.0
434,717.5,2020-10-05,80,312492.5
435,2010.000000000001,2020-10-06,220,314282.5
436,769.9999999999995,2020-10-07,80,314972.5
437,1822.5,2020-10-08,80,316715.0
438,2037.500000000001,2020-10-09,140,318612.5
439,-1567.4999999999982,2020-10-12,140,316905.0
440,-1374.9999999999986,2020-10-13,220,315310.0
441,-4107.5,2020-10-14,140,311062.5
442,5875.0,2020-10-15,220,316717.5
443,434.99999999999966,2020-10-16,80,317072.5
444,1207.5000000000005,2020-10-19,140,318140.0
445,447.49999999999966,2020-10-20,80,318507.5
446,-2837.5,2020-10-21,80,315590.0
447,2942.5000000000005,2020-10-22,80,318452.5
448,192.49999999999943,2020-10-23,140,318505.0
449,1915.0,2020-10-26,220,320200.0
450,977.4999999999995,2020-10-27,140,321037.5
451,4565.0,2020-10-28,220,325382.5
452,237.5,2020-10-29,140,325480.0
453,5260.000000000003,2020-10-30,220,330520.0
454,-3314.9999999999973,2020-11-02,140,327065.0
455,149.9999999999993,2020-11-03,80,327135.0
456,-3590.000000000002,2020-11-04,140,323405.0
457,-247.49999999999935,2020-11-05,80,323077.5
458,-555.0,2020-11-06,80,322442.5
459,1172.5000000000002,2020-11-09,220,323395.0
460,115.0000000000008,2020-11-10,80,323430.0
461,2327.5,2020-11-11,140,325617.5
462,1262.4999999999989,2020-11-12,140,326740.0
463,1835.0000000000005,2020-11-13,140,328435.0
464,2127.5,2020-11-17,140,330422.5
465,1965.0,2020-11-18,140,332247.5
466,427.50000000000136,2020-11-19,220,332455.0
467,-117.49999999999926,2020-11-20,80,332257.5
468,1827.5,2020-11-23,140,333945.0
469,655.0000000000002,2020-11-24,80,334520.0
470,4012.500000000002,2020-11-25,220,338312.5
471,-1667.500000000001,2020-11-26,80,336565.0
472,-2807.499999999999,2020-11-27,140,333617.5
473,250.0000000000002,2020-12-01,80,333787.5
474,-2982.4999999999995,2020-12-02,140,330665.0
475,2502.5,2020-12-03,80,333087.5
476,3219.999999999999,2020-12-04,140,336167.5
477,359.99999999999966,2020-12-07,80,336447.5
478,-244.9999999999989,2020-12-08,140,336062.5
479,-287.5,2020-12-09,80,335695.0
480,-2247.5,2020-12-10,140,333307.5
481,-1452.499999999999,2020-12-11,140,331715.0
482,1490.0000000000002,2020-12-14,140,333065.0
483,2544.9999999999995,2020-12-15,140,335470.0
484,2190.0000000000005,2020-12-16,220,337440.0
485,600.0000000000001,2020-12-17,80,337960.0
486,987.5000000000005,2020-12-18,140,338807.5
487,154.99999999999864,2020-12-21,220,338742.5
488,-715.0000000000011,2020-12-22,80,337947.5
489,-217.49999999999997,2020-12-23,80,337650.0
490,34.999999999999886,2020-12-24,80,337605.0
491,622.5,2020-12-28,80,338147.5
492,367.4999999999993,2020-12-29,80,338435.0
493,1617.4999999999995,2020-12-30,140,339912.5
494,2315.0,2020-12-31,80,342147.5
495,955.0,2021-01-01,80,343022.5
496,1232.499999999999,2021-01-04,140,344115.0
497,1832.500000000001,2021-01-05,140,345807.5
498,1915.0,2021-01-06,220,347502.5
499,-3867.5,2021-01-07,140,343495.0
500,-1369.9999999999998,2021-01-08,80,342045.0
501,1932.5,2021-01-11,140,343837.5
502,-552.5000000000001,2021-01-12,80,343205.0
503,820.0000000000005,2021-01-13,80,343945.0
504,-1087.4999999999995,2021-01-14,140,342717.5
505,2607.500000000002,2021-01-15,220,345105.0
506,4300.000000000001,2021-01-18,140,349265.0
507,1367.5,2021-01-19,220,350412.5
508,869.9999999999999,2021-01-20,80,351202.5
509,-2127.5,2021-01-21,80,348995.0
510,-1875.0,2021-01-22,80,347040.0
511,7320.000000000002,2021-01-25,140,354220.0
512,-400.0000000000012,2021-01-27,80,353740.0
513,2192.5,2021-01-28,80,355852.5
514,-1642.500000000001,2021-01-29,140,354070.0
515,1822.4999999999984,2021-02-01,140,355752.5
516,1859.999999999998,2021-02-02,140,357472.5
517,637.5000000000003,2021-02-03,80,358030.0
518,2589.9999999999995,2021-02-04,140,360480.0
519,932.5000000000008,2021-02-05,80,361332.5
520,737.5,2021-02-08,80,361990.0
521,312.4999999999993,2021-02-09,80,362222.5
522,885.0,2021-02-10,80,363027.5
523,1952.5000000000005,2021-02-11,140,364840.0
524,684.9999999999997,2021-02-12,80,365445.0
525,2.500000000000739,2021-02-15,80,365367.5
526,-1622.5,2021-02-16,140,363605.0
527,1079.9999999999995,2021-02-17,80,364605.0
528,7262.5,2021-02-18,220,371647.5
529,3652.500000000001,2021-02-19,220,375080.0
530,-1564.9999999999998,2021-02-22,80,373435.0
531,645.0000000000005,2021-02-23,80,374000.0
532,705.0000000000006,2021-02-25,120,374585.0
533,-2737.5,2021-02-26,80,371767.5
534,482.5000000000009,2021-03-01,140,372110.0
535,4555.0,2021-03-02,140,376525.0
536,-2222.5000000000005,2021-03-03,80,374222.5
537,2052.4999999999995,2021-03-04,80,376195.0
538,3892.500000000002,2021-03-05,140,379947.5
539,920.0,2021-03-08,80,380787.5
540,4277.5,2021-03-09,140,384925.0
541,3625.0,2021-03-10,140,388410.0
542,-2862.5,2021-03-12,80,385467.5
543,1392.500000000001,2021-03-15,80,386780.0
544,142.49999999999915,2021-03-16,80,386842.5
545,-3477.500000000001,2021-03-17,140,383225.0
546,4320.0,2021-03-18,220,387325.0
547,-5329.999999999999,2021-03-19,140,381855.0
548,2179.999999999999,2021-03-22,140,383895.0
549,999.9999999999998,2021-03-23,80,384815.0
550,6602.500000000001,2021-03-24,220,391197.5
551,-132.50000000000043,2021-03-25,80,390985.0
552,1352.5,2021-03-26,80,392257.5
553,-882.5,2021-03-30,80,391295.0
554,790.0000000000005,2021-03-31,80,392005.0
555,3539.999999999999,2021-04-01,140,395405.0
556,2032.500000000001,2021-04-05,80,397357.5
557,1065.0000000000005,2021-04-06,80,398342.5
558,420.0000000000002,2021-04-07,80,398682.5
559,-627.5,2021-04-08,80,397975.0
560,2180.0000000000005,2021-04-09,140,400015.0
561,-70.00000000000011,2021-04-12,80,399865.0
562,6384.999999999999,2021-04-13,140,406110.0
563,2650.0,2021-04-15,140,408620.0
564,-1762.4999999999989,2021-04-16,140,406717.5
565,-132.4999999999985,2021-04-19,80,406505.0
566,5397.5,2021-04-20,220,411682.5
567,-292.5000000000001,2021-04-22,140,411250.0
568,-1877.500000000001,2021-04-23,140,409232.5
569,722.5000000000005,2021-04-26,80,409875.0
570,-317.50000000000034,2021-04-27,80,409477.5
571,-547.5000000000001,2021-04-28,80,408850.0
572,3767.5,2021-04-29,80,412537.5
573,6982.500000000002,2021-04-30,220,419300.0
574,-172.5,2021-05-03,80,419047.5
575,100.00000000000124,2021-05-04,80,419067.5
576,1760.0,2021-05-05,140,420687.5
577,82.5,2021-05-06,80,420690.0
578,80.00000000000131,2021-05-07,140,420630.0
579,602.4999999999995,2021-05-10,80,421152.5
580,754.9999999999997,2021-05-11,80,421827.5
581,1670.0000000000005,2021-05-12,80,423417.5
582,600.0000000000008,2021-05-14,80,423937.5
583,-1907.5,2021-05-17,80,421950.0
584,52.5000000000001,2021-05-18,80,421922.5
585,220.0000000000004,2021-05-19,220,421922.5
586,4745.0,2021-05-20,220,426447.5
587,-1385.000000000001,2021-05-21,80,424982.5
588,362.4999999999991,2021-05-24,140,425205.0
589,317.4999999999991,2021-05-25,140,425382.5
590,-55.00000000000022,2021-05-26,80,425247.5
591,1850.0,2021-05-27,140,426957.5
592,1539.9999999999998,2021-05-28,220,428277.5
593,-972.4999999999995,2021-05-31,80,427225.0
594,944.9999999999998,2021-06-01,80,428090.0
595,237.50000000000065,2021-06-02,140,428187.5
596,2377.5,2021-06-03,140,430425.0
597,107.5000000000002,2021-06-04,140,430392.5
598,-157.49999999999957,2021-06-07,80,430155.0
599,350.0000000000004,2021-06-08,80,430425.0
600,-3402.5,2021-06-09,80,426942.5
601,957.4999999999995,2021-06-10,80,427820.0
602,1687.5000000000002,2021-06-11,140,429367.5
603,3900.0,2021-06-14,140,433127.5
604,-340.0000000000001,2021-06-15,140,432647.5
605,757.5,2021-06-16,140,433265.0
606,560.0000000000003,2021-06-17,80,433745.0
607,452.4999999999998,2021-06-18,80,434117.5
608,3015.000000000001,2021-06-21,140,436992.5
609,-14.999999999999773,2021-06-22,80,436897.5
610,2137.5000000000005,2021-06-23,140,438895.0
611,1912.5,2021-06-24,140,440667.5
612,990.0000000000005,2021-06-25,80,441577.5
613,19.999999999999545,2021-06-28,140,441457.5
614,687.4999999999997,2021-06-29,80,442065.0
615,-3175.000000000001,2021-06-30,140,438750.0
616,452.4999999999999,2021-07-01,140,439062.5
617,522.4999999999997,2021-07-02,80,439505.0
618,172.49999999999994,2021-07-05,80,439597.5
619,150.00000000000028,2021-07-06,80,439667.5
620,537.4999999999998,2021-07-07,140,440065.0
621,3922.5,2021-07-08,220,443767.5
622,882.5000000000003,2021-07-09,80,444570.0
623,3949.9999999999977,2021-07-12,220,448300.0
624,-467.4999999999996,2021-07-13,80,447752.5
625,-1217.5000000000005,2021-07-14,80,446455.0
626,1115.0000000000002,2021-07-15,80,447490.0
627,542.4999999999995,2021-07-16,80,447952.5
628,-510.0000000000001,2021-07-19,80,447362.5
629,1199.9999999999998,2021-07-20,80,448482.5
630,1867.5,2021-07-22,80,450270.0
631,2227.5000000000005,2021-07-23,140,452357.5
632,650.0000000000006,2021-07-26,140,452867.5
633,3250.0,2021-07-27,220,455897.5
634,752.5000000000002,2021-07-28,80,456570.0
635,427.4999999999994,2021-07-29,140,456857.5
636,330.00000000000034,2021-07-30,80,457107.5
637,47.50000000000017,2021-08-02,80,457075.0
638,-3159.9999999999995,2021-08-03,80,453835.0
639,1015.0000000000006,2021-08-04,140,454710.0
640,2597.5,2021-08-05,220,457087.5
641,4000.0,2021-08-06,140,460947.5
642,34.999999999999886,2021-08-09,140,460842.5
643,-3149.999999999998,2021-08-10,140,457552.5
644,1724.9999999999998,2021-08-11,140,459137.5
645,-592.5000000000001,2021-08-12,80,458465.0
646,-692.5000000000006,2021-08-13,80,457692.5
647,1115.0,2021-08-16,80,458727.5
648,2930.000000000001,2021-08-17,140,461517.5
649,-2555.0000000000005,2021-08-18,80,458882.5
650,879.9999999999998,2021-08-20,80,459682.5
651,-2297.500000000001,2021-08-23,140,457245.0
652,1467.5000000000005,2021-08-24,220,458492.5
653,432.50000000000034,2021-08-25,140,458785.0
654,2115.0,2021-08-26,220,460680.0
655,-1360.0000000000011,2021-08-27,80,459240.0
656,-259.99999999999955,2021-08-30,80,458900.0
657,-3269.9999999999995,2021-08-31,80,455550.0
658,-484.9999999999996,2021-09-01,80,454985.0
659,2595.0,2021-09-02,220,457360.0
660,2605.0,2021-09-03,140,459825.0
661,457.5000000000002,2021-09-06,80,460202.5
662,1245.0,2021-09-07,80,461367.5
663,3965.0,2021-09-08,220,465112.5
664,467.4999999999999,2021-09-09,140,465440.0
665,1032.4999999999995,2021-09-13,140,466332.5
666,827.5,2021-09-14,80,467080.0
667,-417.49999999999983,2021-09-15,80,466582.5
668,-1877.5,2021-09-16,80,464625.0
669,-865.0,2021-09-17,80,463680.0
670,1450.0000000000014,2021-09-20,140,464990.0
671,-572.5000000000002,2021-09-21,80,464337.5
672,-1297.5000000000002,2021-09-22,140,462900.0
673,-2350.0,2021-09-23,80,460470.0
674,1025.0,2021-09-24,80,461415.0
675,1634.999999999999,2021-09-27,140,462910.0
676,7910.0,2021-09-28,220,470600.0
677,622.4999999999997,2021-09-29,80,471142.5
678,1649.9999999999995,2021-09-30,140,472652.5
679,-2284.9999999999977,2021-10-01,140,470227.5
680,895.0000000000005,2021-10-04,80,471042.5
681,2792.5,2021-10-05,220,473615.0
682,-4317.5,2021-10-06,140,469157.5
683,707.5,2021-10-07,140,469725.0
684,832.5000000000006,2021-10-08,140,470417.5
685,505.00000000000034,2021-10-11,80,470842.5
686,844.9999999999999,2021-10-12,140,471547.5
687,-69.99999999999977,2021-10-13,80,471397.5
688,1132.4999999999995,2021-10-14,80,472450.0
689,620.0000000000002,2021-10-18,80,472990.0
690,-2067.499999999999,2021-10-19,140,470782.5
691,410.0000000000005,2021-10-20,80,471112.5
692,-1474.999999999999,2021-10-21,80,469557.5
693,-1360.000000000001,2021-10-22,140,468057.5
694,444.9999999999996,2021-10-25,80,468422.5
695,4752.500000000002,2021-10-26,140,473035.0
696,1107.499999999999,2021-10-27,140,474002.5
697,-1365.0000000000002,2021-10-28,80,472557.5
698,1017.4999999999995,2021-10-29,80,473495.0
699,-960.0000000000008,2021-11-01,80,472455.0
700,1402.5000000000002,2021-11-02,80,473777.5
701,-2200.0,2021-11-03,140,471437.5
702,-124.99999999999976,2021-11-08,220,471092.5
703,915.0000000000005,2021-11-09,80,471927.5
704,-1764.9999999999995,2021-11-10,140,470022.5
705,2095.0,2021-11-11,80,472037.5
706,3657.499999999999,2021-11-12,220,475475.0
707,217.4999999999996,2021-11-15,80,475612.5
708,1047.4999999999995,2021-11-16,80,476580.0
709,4255.0,2021-11-17,140,480695.0
710,-830.0,2021-11-18,80,479785.0
711,-2892.5000000000005,2021-11-22,80,476812.5
712,10.000000000000114,2021-11-23,80,476742.5
713,-387.4999999999998,2021-11-24,80,476275.0
714,-2284.999999999998,2021-11-25,140,473850.0
715,-602.5000000000001,2021-11-26,80,473167.5
716,1047.5,2021-11-29,80,474135.0
717,4862.499999999998,2021-11-30,140,478857.5
718,1785.0,2021-12-01,140,480502.5
719,-1524.999999999999,2021-12-02,80,478897.5
720,67.49999999999963,2021-12-03,140,478825.0
721,-692.5000000000005,2021-12-06,80,478052.5
722,30.000000000000284,2021-12-07,80,478002.5
723,297.4999999999993,2021-12-08,80,478220.0
724,-1540.0000000000002,2021-12-09,140,476540.0
725,274.99999999999955,2021-12-10,220,476595.0
726,6969.999999999998,2021-12-13,140,483425.0
727,-1809.999999999999,2021-12-14,140,481475.0
728,2842.500000000002,2021-12-15,140,484177.5
729,-1915.0,2021-12-16,140,482122.5
730,647.5,2021-12-17,80,482690.0
731,1370.0000000000011,2021-12-20,80,483980.0
732,357.50000000000057,2021-12-21,80,484257.5
733,3505.000000000001,2021-12-22,140,487622.5
734,2345.0,2021-12-23,80,489887.5
735,857.5,2021-12-24,80,490665.0
736,2652.499999999998,2021-12-27,140,493177.5
737,587.4999999999997,2021-12-28,80,493685.0
738,-29.999999999999886,2021-12-29,140,493515.0
739,-1324.9999999999995,2021-12-30,140,492050.0
740,335.0000000000004,2021-12-31,80,492305.0
741,-1675.0000000000002,2022-01-03,80,490550.0
742,242.50000000000017,2022-01-04,80,490712.5
743,-72.49999999999969,2022-01-05,80,490560.0
744,1247.5,2022-01-06,80,491727.5
745,-44.999999999999545,2022-01-07,80,491602.5
746,44.99999999999957,2022-01-10,80,491567.5
747,332.50000000000017,2022-01-11,80,491820.0
748,92.49999999999984,2022-01-12,80,491832.5
749,379.9999999999999,2022-01-13,140,492072.5
750,2395.0,2022-01-14,140,494327.5
751,149.99999999999957,2022-01-17,80,494397.5
752,3137.500000000001,2022-01-18,220,497315.0
753,825.0000000000002,2022-01-19,80,498060.0
754,-852.5000000000003,2022-01-20,80,497127.5
755,-1874.9999999999995,2022-01-21,140,495112.5
756,-3287.5000000000005,2022-01-24,80,491745.0
757,79.99999999999893,2022-01-25,80,491745.0
758,5975.0,2022-01-27,140,497580.0
759,-1090.0000000000016,2022-01-28,80,496410.0
760,1597.499999999999,2022-01-31,140,497867.5
761,6219.999999999997,2022-02-01,140,503947.5
762,1095.0000000000005,2022-02-02,80,504962.5
763,-1724.9999999999998,2022-02-03,80,503157.5
764,467.49999999999966,2022-02-04,80,503545.0
765,-360.00000000000017,2022-02-07,80,503105.0
766,1052.500000000001,2022-02-08,80,504077.5
767,3185.0000000000005,2022-02-09,140,507122.5
768,-1382.5000000000002,2022-02-10,80,505660.0
769,187.5000000000001,2022-02-11,80,505767.5
770,2279.999999999998,2022-02-14,220,507827.5
771,-2785.0000000000014,2022-02-15,80,504962.5
772,1160.000000000001,2022-02-16,220,505902.5
773,4122.500000000001,2022-02-17,140,509885.0
774,-1722.5000000000025,2022-02-18,140,508022.5
775,-5640.0,2022-02-21,140,502242.5
776,-6637.500000000003,2022-02-22,140,495465.0
777,342.49999999999994,2022-02-23,140,495667.5
778,-730.0,2022-02-24,80,494857.5
779,-857.4999999999995,2022-02-25,140,493860.0
780,-3077.5000000000014,2022-02-28,80,490702.5
781,-1067.5000000000005,2022-03-02,140,489495.0
782,-1442.500000000001,2022-03-03,140,487912.5
783,399.99999999999966,2022-03-04,80,488232.5
784,1532.4999999999975,2022-03-07,220,489545.0
785,-2127.5,2022-03-08,140,487277.5
786,-685.0000000000001,2022-03-09,80,486512.5
787,-4327.500000000001,2022-03-10,140,482045.0
788,-540.0000000000009,2022-03-11,140,481365.0
789,-962.5,2022-03-14,80,480322.5
790,4729.999999999995,2022-03-15,220,484832.5
791,4814.999999999999,2022-03-16,140,489507.5
792,2060.0,2022-03-17,80,491487.5
793,59.99999999999926,2022-03-21,80,491467.5
794,507.50000000000045,2022-03-22,220,491755.0
795,242.4999999999995,2022-03-23,80,491917.5
796,2592.5,2022-03-24,80,494430.0
797,4894.999999999998,2022-03-25,140,499185.0
798,2202.5000000000005,2022-03-28,140,501247.5
799,-1675.0000000000002,2022-03-29,140,499432.5
800,34.99999999999943,2022-03-30,80,499387.5
801,-1474.9999999999998,2022-03-31,140,497772.5
802,-412.4999999999988,2022-04-01,80,497280.0
803,227.4999999999994,2022-04-04,80,497427.5
804,-974.9999999999992,2022-04-05,140,496312.5
805,1825.000000000001,2022-04-06,140,497997.5
806,-27.500000000000117,2022-04-07,80,497890.0
807,2130.000000000001,2022-04-08,140,499880.0
808,4237.5,2022-04-11,140,503977.5
809,1337.5000000000002,2022-04-12,80,505235.0
810,-1777.5,2022-04-13,140,503317.5
811,702.4999999999998,2022-04-18,80,503940.0
812,2629.999999999999,2022-04-19,220,506350.0
813,172.50000000000023,2022-04-20,80,506442.5
814,-1949.9999999999995,2022-04-21,80,504412.5
815,5065.0,2022-04-22,220,509257.5
816,20.000000000000625,2022-04-25,80,509197.5
817,-3487.5000000000014,2022-04-26,140,505570.0
818,-505.00000000000045,2022-04-27,140,504925.0
819,7562.5,2022-04-28,220,512267.5
820,-452.5,2022-04-29,80,511735.0
821,-4627.5,2022-05-02,140,506967.5
822,-2120.0,2022-05-04,80,504767.5
823,2382.500000000001,2022-05-05,140,507010.0
824,-1732.4999999999984,2022-05-06,140,505137.5
825,187.50000000000088,2022-05-09,80,505245.0
826,-1569.9999999999995,2022-05-10,220,503455.0
827,824.9999999999995,2022-05-11,80,504200.0
828,-710.0000000000002,2022-05-12,80,503410.0
829,-5097.5,2022-05-13,140,498172.5
830,-2877.5000000000014,2022-05-16,140,495155.0
831,2255.000000000001,2022-05-17,220,497190.0
832,-157.4999999999999,2022-05-18,80,496952.5
833,-1322.5000000000005,2022-05-19,80,495550.0
834,4759.999999999998,2022-05-20,140,500170.0
835,677.4999999999994,2022-05-23,80,500767.5
836,2789.999999999999,2022-05-24,140,503417.5
837,5554.999999999999,2022-05-25,220,508752.5
838,-2900.0,2022-05-26,140,505712.5
839,4234.999999999999,2022-05-27,140,509807.5
840,135.0000000000004,2022-05-30,80,509862.5
841,-3507.500000000001,2022-05-31,140,506215.0
842,7217.499999999998,2022-06-01,220,513212.5
843,1102.5000000000005,2022-06-02,140,514175.0
844,192.49999999999935,2022-06-03,80,514287.5
845,84.9999999999994,2022-06-06,80,514292.5
846,370.0,2022-06-07,80,514582.5
847,399.9999999999996,2022-06-08,140,514842.5
848,3957.5,2022-06-09,140,518660.0
849,202.50000000000065,2022-06-10,80,518782.5
850,247.4999999999992,2022-06-13,80,518950.0
851,837.4999999999989,2022-06-14,140,519647.5
852,-2022.5,2022-06-15,220,517405.0
853,-1317.5000000000025,2022-06-16,80,516007.5
854,-1690.0000000000002,2022-06-17,140,514177.5
855,-1797.5000000000016,2022-06-20,220,512160.0
856,-442.4999999999988,2022-06-21,80,511637.5
857,565.0000000000005,2022-06-22,80,512122.5
858,-6172.5,2022-06-23,140,505810.0
859,4047.5,2022-06-24,140,509717.5
860,-1935.0000000000005,2022-06-27,140,507642.5
861,2022.4999999999984,2022-06-28,140,509525.0
862,-2474.9999999999995,2022-06-29,140,506910.0
863,-465.0000000000009,2022-06-30,140,506305.0
864,-182.50000000000048,2022-07-01,80,506042.5
865,2884.999999999998,2022-07-04,140,508787.5
866,-204.99999999999932,2022-07-05,80,508502.5
867,-4055.0,2022-07-06,140,504307.5
868,-2607.5000000000005,2022-07-07,140,501560.0
869,685.0000000000003,2022-07-08,80,502165.0
870,-2677.500000000001,2022-07-11,140,499347.5
871,37.4999999999994,2022-07-12,80,499305.0
872,4537.5,2022-07-13,220,503622.5
873,3164.999999999999,2022-07-14,220,506567.5
874,3250.0,2022-07-15,140,509677.5
875,-655.0000000000007,2022-07-18,80,508942.5
876,-177.49999999999935,2022-07-19,80,508685.0
877,195.00000000000043,2022-07-20,80,508800.0
878,2057.4999999999995,2022-07-21,140,510717.5
879,-424.9999999999989,2022-07-22,80,510212.5
880,617.4999999999998,2022-07-25,80,510750.0
881,2612.499999999999,2022-07-26,140,513222.5
882,4642.5,2022-07-27,140,517725.0
883,-1597.4999999999998,2022-07-28,80,516047.5
884,3412.4999999999995,2022-07-29,140,519320.0
885,-229.99999999999915,2022-08-01,80,519010.0
886,1922.499999999999,2022-08-02,220,520712.5
887,-1672.5000000000005,2022-08-03,140,518900.0
888,934.9999999999992,2022-08-04,140,519695.0
889,1137.5,2022-08-05,80,520752.5
890,-27.50000000000054,2022-08-08,80,520645.0
891,-455.0000000000011,2022-08-10,140,520050.0
892,1282.5,2022-08-11,80,521252.5
893,352.50000000000057,2022-08-12,80,521525.0
894,1152.500000000001,2022-08-16,140,522537.5
895,-365.0000000000001,2022-08-17,80,522092.5
896,4190.0,2022-08-18,140,526142.5
897,3392.4999999999977,2022-08-19,220,529315.0
898,354.9999999999995,2022-08-22,80,529590.0
899,1209.9999999999998,2022-08-23,140,530660.0
900,-2707.4999999999995,2022-08-24,140,527812.5
901,5450.0,2022-08-25,140,533122.5
902,289.9999999999998,2022-08-26,80,533332.5
903,359.99999999999903,2022-08-29,80,533612.5
904,-3125.0000000000005,2022-08-30,80,530407.5
905,742.4999999999995,2022-09-01,140,531010.0
906,-2692.499999999998,2022-09-02,140,528177.5
907,344.9999999999996,2022-09-05,80,528442.5
908,-589.9999999999993,2022-09-06,140,527712.5
909,182.49999999999957,2022-09-07,80,527815.0
910,3367.5,2022-09-08,140,531042.5
911,117.49999999999936,2022-09-09,80,531080.0
912,169.99999999999991,2022-09-12,80,531170.0
913,192.4999999999997,2022-09-13,80,531282.5
914,-3207.5,2022-09-14,140,527935.0
915,-1832.500000000001,2022-09-15,140,525962.5
916,147.4999999999999,2022-09-16,80,526030.0
917,-420.00000000000045,2022-09-19,140,525470.0
918,297.5000000000006,2022-09-20,80,525687.5
919,-239.99999999999864,2022-09-21,80,525367.5
920,234.99999999999957,2022-09-22,80,525522.5
921,-447.4999999999993,2022-09-23,80,524995.0
922,815.0000000000006,2022-09-26,140,525670.0
923,-127.50000000000044,2022-09-27,140,525402.5
924,3617.500000000002,2022-09-28,140,528880.0
925,-162.50000000000023,2022-09-29,140,528577.5
926,8047.500000000001,2022-09-30,220,536405.0
927,662.5,2022-10-03,80,536987.5
928,39.999999999999545,2022-10-04,80,536947.5
929,-1612.500000000001,2022-10-06,140,535195.0
930,-84.99999999999952,2022-10-07,80,535030.0
931,-1642.4999999999998,2022-10-10,80,533307.5
932,-747.5,2022-10-11,140,532420.0
933,-2857.499999999999,2022-10-12,140,529422.5
934,832.4999999999991,2022-10-13,140,530115.0
935,414.9999999999996,2022-10-14,80,530450.0
936,592.4999999999998,2022-10-17,140,530902.5
937,522.4999999999998,2022-10-18,140,531285.0
938,400.0000000000006,2022-10-19,80,531605.0
939,3167.5,2022-10-20,140,534632.5
940,125.00000000000028,2022-10-21,80,534677.5
941,-910.0000000000002,2022-10-25,80,533687.5
942,3032.500000000001,2022-10-27,140,536580.0
943,400.0,2022-10-28,80,536900.0
944,-589.9999999999995,2022-10-31,80,536230.0
945,1065.0,2022-11-01,140,537155.0
946,657.4999999999995,2022-11-02,140,537672.5
947,3087.5,2022-11-03,80,540680.0
948,-2782.5,2022-11-04,140,537757.5
949,-1512.4999999999975,2022-11-07,140,536105.0
950,810.0000000000006,2022-11-09,80,536835.0
951,1702.5000000000002,2022-11-10,80,538457.5
952,149.9999999999996,2022-11-11,80,538527.5
953,-1457.4999999999989,2022-11-14,140,536930.0
954,1610.0000000000002,2022-11-15,140,538400.0
955,-3147.5,2022-11-16,140,535112.5
956,-952.5,2022-11-17,220,533940.0
957,705.000000000001,2022-11-18,80,534565.0
958,347.4999999999996,2022-11-21,80,534832.5
959,739.9999999999998,2022-11-22,140,535432.5
960,-1252.5,2022-11-23,140,534040.0
961,-2622.5,2022-11-24,80,531337.5
962,812.5000000000011,2022-11-25,140,532010.0
963,325.0000000000004,2022-11-28,80,532255.0
964,1122.5000000000005,2022-11-29,80,533297.5
965,1557.4999999999998,2022-11-30,140,534715.0
966,374.9999999999998,2022-12-01,140,534950.0
967,662.499999999999,2022-12-02,80,535532.5
968,-574.9999999999995,2022-12-05,80,534877.5
969,-1664.9999999999998,2022-12-06,140,533072.5
970,1000.0,2022-12-07,220,533852.5
971,2542.5,2022-12-08,140,536255.0
972,3172.5000000000005,2022-12-09,220,539207.5
973,802.5,2022-12-12,140,539870.0
974,-1079.9999999999995,2022-12-13,80,538710.0
975,522.5000000000005,2022-12-14,140,539092.5
976,-1082.5,2022-12-15,220,537790.0
977,2007.4999999999995,2022-12-16,140,539657.5
978,-1380.0,2022-12-19,80,538197.5
979,-1137.500000000001,2022-12-20,80,536980.0
980,1255.0000000000005,2022-12-21,220,538015.0
981,-1509.9999999999989,2022-12-22,80,536425.0
982,2200.0,2022-12-23,80,538545.0
983,1334.999999999999,2022-12-26,220,539660.0
984,2592.500000000001,2022-12-27,140,542112.5
985,2780.0,2022-12-28,140,544752.5
986,542.5000000000001,2022-12-29,140,545155.0
987,0.0,2022-12-30,80,545155.0
988,0.0,2023-01-02,80,545155.0
989,0.0,2023-01-03,80,545155.0
990,0.0,2023-01-04,80,545155.0
991,0.0,2023-01-05,80,545155.0
992,0.0,2023-01-06,220,545155.0
993,0.0,2023-01-09,80,545155.0
994,0.0,2023-01-10,140,545155.0
995,0.0,2023-01-11,140,545155.0
996,0.0,2023-01-12,80,545155.0
997,0.0,2023-01-13,220,545155.0
998,0.0,2023-01-16,140,545155.0
999,0.0,2023-01-17,140,545155.0
1000,0.0,2023-01-18,80,545155.0
1001,0.0,2023-01-19,140,545155.0
1002,0.0,2023-01-20,220,545155.0
1003,0.0,2023-01-23,140,545155.0
1004,0.0,2023-01-24,140,545155.0
1005,0.0,2023-01-25,80,545155.0
1006,0.0,2023-01-27,80,545155.0
1007,0.0,2023-01-30,140,545155.0
1008,0.0,2023-01-31,140,545155.0
1009,387.4999999999999,2023-01-02,80,545462.5
1010,424.99999999999983,2023-01-03,80,545807.5
1011,-394.99999999999966,2023-01-04,80,545332.5
1012,712.5000000000005,2023-01-05,80,545965.0
1013,3717.500000000001,2023-01-06,220,549462.5
1014,422.5000000000004,2023-01-09,80,549805.0
1015,-962.4999999999987,2023-01-10,140,548702.5
1016,-464.9999999999996,2023-01-11,140,548097.5
1017,1160.0,2023-01-12,80,549177.5
1018,4547.5,2023-01-13,220,553505.0
1019,-227.5,2023-01-16,140,553137.5
1020,2752.5,2023-01-17,140,555750.0
1021,474.99999999999966,2023-01-18,80,556145.0
1022,2372.5,2023-01-19,140,558377.5
1023,-259.9999999999992,2023-01-20,220,557897.5
1024,1524.999999999999,2023-01-23,140,559282.5
1025,1425.0,2023-01-24,140,560567.5
1026,-1637.5000000000002,2023-01-25,80,558850.0
1027,527.5000000000001,2023-01-27,80,559297.5
1028,380.0000000000018,2023-01-30,140,559537.5
1029,3039.9999999999995,2023-01-31,140,562437.5
1030,8502.5,2023-02-01,220,570720.0
1031,1237.4999999999995,2023-02-02,80,571877.5
1032,6097.500000000001,2023-02-03,220,577755.0
1033,-484.9999999999987,2023-02-06,140,577130.0
1034,765.0000000000003,2023-02-07,80,577815.0
1035,484.9999999999999,2023-02-08,80,578220.0
1036,1815.0,2023-02-09,140,579895.0
1037,-1062.5000000000002,2023-02-10,140,578692.5
1038,600.0000000000007,2023-02-13,80,579212.5
1039,1962.5,2023-02-14,220,580955.0
1040,2540.000000000001,2023-02-15,140,583355.0
1041,-152.5,2023-02-16,80,583122.5
1042,622.4999999999995,2023-02-17,220,583525.0
1043,2252.4999999999995,2023-02-20,220,585557.5
1044,2207.499999999999,2023-02-21,140,587625.0
1045,-1270.0000000000005,2023-02-22,80,586275.0
1046,2827.499999999999,2023-02-23,140,588962.5
1047,3715.0,2023-02-24,220,592457.5
1048,797.4999999999989,2023-02-27,80,593175.0
1049,2970.0000000000005,2023-02-28,220,595925.0
1050,509.9999999999996,2023-03-01,80,596355.0
1051,4430.0,2023-03-02,140,600645.0
1052,-1179.9999999999995,2023-03-03,80,599385.0
1053,542.4999999999997,2023-03-06,80,599847.5
1054,2280.0,2023-03-08,140,601987.5
1055,2057.5,2023-03-09,140,603905.0
1056,-1169.9999999999986,2023-03-10,140,602595.0
1057,3334.999999999998,2023-03-13,220,605710.0
1058,10.000000000000398,2023-03-14,80,605640.0
1059,4680.0,2023-03-15,140,610180.0
1060,-2972.500000000001,2023-03-16,140,607067.5
1061,3169.999999999999,2023-03-17,140,610097.5
1062,2802.5,2023-03-20,140,612760.0
1063,190.00000000000017,2023-03-21,80,612870.0
1064,89.99999999999932,2023-03-22,80,612880.0
1065,-702.4999999999998,2023-03-23,140,612037.5
1066,4432.5,2023-03-24,140,616330.0
1067,1297.499999999999,2023-03-27,80,617547.5
1068,1364.9999999999998,2023-03-28,80,618832.5
1069,4475.000000000001,2023-03-29,140,623167.5
1070,-1162.5,2023-03-31,80,621925.0
1071,1185.0,2023-04-03,80,623030.0
1072,-357.5000000000002,2023-04-05,80,622592.5
1073,812.4999999999998,2023-04-06,80,623325.0
1074,785.0000000000006,2023-04-10,80,624030.0
1075,1462.5000000000005,2023-04-11,140,625352.5
1076,-252.50000000000023,2023-04-12,80,625020.0
1077,3290.0,2023-04-13,140,628170.0
1078,-47.50000000000012,2023-04-17,80,628042.5
1079,1772.4999999999995,2023-04-18,140,629675.0
1080,1982.5,2023-04-19,220,631437.5
1081,37.49999999999954,2023-04-20,140,631335.0
1082,-1542.5000000000005,2023-04-21,140,629652.5
1083,807.499999999999,2023-04-24,220,630240.0
1084,354.99999999999994,2023-04-25,80,630515.0
1085,1407.5,2023-04-26,140,631782.5
1086,-454.9999999999999,2023-04-27,80,631247.5
1087,-1949.9999999999995,2023-04-28,80,629217.5
1088,242.5000000000003,2023-05-02,80,629380.0
1089,1154.999999999999,2023-05-03,140,630395.0
1090,-2285.0,2023-05-04,80,628030.0
1091,1592.5000000000014,2023-05-05,140,629482.5
1092,2497.5,2023-05-08,140,631840.0
1093,487.49999999999966,2023-05-09,80,632247.5
1094,1289.9999999999998,2023-05-10,140,633397.5
1095,3405.0000000000005,2023-05-11,140,636662.5
1096,2042.5000000000005,2023-05-12,140,638565.0
1097,425.00000000000057,2023-05-15,80,638910.0
1098,2262.5000000000005,2023-05-16,140,641032.5
1099,669.9999999999998,2023-05-17,80,641622.5
1100,344.9999999999998,2023-05-18,140,641827.5
1101,1372.5,2023-05-19,140,643060.0
1102,415.0,2023-05-22,80,643395.0
1103,445.0000000000002,2023-05-23,80,643760.0
1104,3260.0,2023-05-24,220,646800.0
1105,1250.0000000000005,2023-05-25,80,647970.0
1106,-1155.0000000000005,2023-05-26,80,646735.0
1107,-227.50000000000125,2023-05-29,140,646367.5
1108,-687.5000000000001,2023-05-30,220,645460.0
1109,602.4999999999997,2023-05-31,80,645982.5
1110,2055.0,2023-06-01,140,647897.5
1111,-47.49999999999987,2023-06-02,140,647710.0
1112,-37.5000000000003,2023-06-05,140,647532.5
1113,-225.0,2023-06-06,140,647167.5
1114,-762.5,2023-06-07,80,646325.0
1115,-2247.5,2023-06-08,80,643997.5
1116,2177.499999999999,2023-06-09,140,646035.0
1117,364.9999999999992,2023-06-12,80,646320.0
1118,517.4999999999998,2023-06-13,140,646697.5
1119,-224.99999999999977,2023-06-14,80,646392.5
1120,2177.4999999999995,2023-06-15,220,648350.0
1121,2587.5000000000005,2023-06-16,220,650717.5
1122,-842.5000000000005,2023-06-19,140,649735.0
1123,-1725.000000000001,2023-06-20,80,647930.0
1124,930.0000000000008,2023-06-21,140,648720.0
1125,1930.0,2023-06-22,140,650510.0
1126,0.0,2023-06-23,140,650510.0
1127,0.0,2023-06-26,140,650510.0
1128,0.0,2023-06-27,220,650510.0
1129,70.00000000000014,2023-06-28,80,650500.0
1130,-697.5000000000002,2023-06-30,80,649722.5
1131,1407.5,2023-07-03,140,650990.0
1132,-174.99999999999997,2023-07-04,80,650735.0
1133,2044.999999999999,2023-07-05,140,652640.0
1134,720.0000000000005,2023-07-06,80,653280.0
1135,780.0,2023-07-07,220,653840.0
1136,669.9999999999998,2023-07-10,80,654430.0
1137,480.0000000000004,2023-07-11,80,654830.0
1138,-684.9999999999998,2023-07-12,80,654065.0
1139,0.0,2023-07-13,80,654065.0
1140,0.0,2023-07-14,140,654065.0
1141,-1590.0000000000005,2023-07-17,80,652395.0
1142,572.5000000000001,2023-07-18,80,652887.5
1143,3547.500000000001,2023-07-19,140,656295.0
1144,2077.5000000000014,2023-07-20,220,658152.5
1145,3534.9999999999995,2023-07-21,140,661547.5
1146,872.4999999999999,2023-07-24,80,662340.0
1147,710.0,2023-07-25,80,662970.0
1148,-1590.0000000000005,2023-07-26,140,661240.0
1149,349.9999999999999,2023-07-27,220,661370.0
1150,1065.0,2023-07-28,80,662355.0
1151,-195.00000000000023,2023-07-31,80,662080.0
1152,162.5000000000001,2023-08-01,80,662162.5
1153,-3025.0,2023-08-02,80,659057.5
1154,5412.5,2023-08-03,220,664250.0
1155,307.50000000000006,2023-08-04,80,664477.5
1156,527.5000000000001,2023-08-07,140,664865.0
1157,560.0000000000005,2023-08-08,80,665345.0
1158,2387.500000000001,2023-08-09,220,667512.5
1159,-3097.500000000001,2023-08-10,140,664275.0
1160,880.0000000000003,2023-08-11,80,665075.0
1161,-1402.4999999999995,2023-08-14,140,663532.5
1162,387.4999999999998,2023-08-16,140,663780.0
1163,1752.5,2023-08-17,140,665392.5
1164,-4052.500000000001,2023-08-18,140,661200.0
1165,1480.0000000000002,2023-08-21,140,662540.0
1166,-1402.499999999999,2023-08-22,140,660997.5
1167,487.49999999999966,2023-08-23,80,661405.0
1168,695.0,2023-08-24,140,661960.0
1169,380.00000000000006,2023-08-25,140,662200.0
1170,855.0,2023-08-28,80,662975.0
1171,-589.9999999999997,2023-08-29,220,662165.0
1172,-1499.9999999999995,2023-08-30,80,660585.0
1173,4322.499999999999,2023-08-31,220,664687.5
1174,317.50000000000074,2023-09-01,220,664785.0
1175,1684.9999999999995,2023-09-04,140,666330.0
1176,870.0000000000002,2023-09-05,140,667060.0
1177,930.0,2023-09-06,140,667850.0
1178,-1977.4999999999995,2023-09-07,80,665792.5
1179,-14.9999999999999,2023-09-08,80,665697.5
1180,539.9999999999998,2023-09-11,80,666157.5
1181,774.9999999999997,2023-09-12,80,666852.5
1182,1514.999999999999,2023-09-13,220,668147.5
1183,684.9999999999999,2023-09-14,80,668752.5
1184,352.50000000000045,2023-09-15,80,669025.0
1185,2265.0,2023-09-18,140,671150.0
1186,129.99999999999952,2023-09-20,80,671200.0
1187,217.5000000000004,2023-09-21,80,671337.5
1188,2357.5000000000005,2023-09-22,140,673555.0
1189,730.0,2023-09-25,80,674205.0
1190,592.5000000000005,2023-09-26,220,674577.5
1191,2647.500000000001,2023-09-27,140,677085.0
1192,-695.0000000000002,2023-09-28,220,676170.0
1193,292.50000000000045,2023-09-29,220,676242.5
1194,764.9999999999999,2023-10-03,80,676927.5
1195,362.5000000000002,2023-10-04,80,677210.0
1196,5250.0,2023-10-05,220,682240.0
1197,167.4999999999999,2023-10-06,80,682327.5
1198,210.00000000000065,2023-10-09,140,682397.5
1199,402.49999999999926,2023-10-10,220,682580.0
1200,379.99999999999966,2023-10-11,140,682820.0
1201,3245.0,2023-10-12,140,685925.0
1202,62.50000000000006,2023-10-13,80,685907.5
1203,82.49999999999974,2023-10-16,80,685910.0
1204,-2832.500000000001,2023-10-17,140,682937.5
1205,1635.0000000000002,2023-10-18,220,684352.5
1206,1414.9999999999995,2023-10-19,80,685687.5
1207,399.99999999999983,2023-10-20,140,685947.5
1208,-3807.5,2023-10-23,80,682060.0
1209,-2457.5,2023-10-25,80,679522.5
1210,-1232.4999999999995,2023-10-26,80,678210.0
1211,457.5000000000013,2023-10-27,80,678587.5
1212,-2777.5000000000005,2023-10-30,80,675730.0
1213,1264.999999999999,2023-10-31,140,676855.0
1214,247.49999999999977,2023-11-01,80,677022.5
1215,2824.9999999999995,2023-11-02,140,679707.5
1216,-835.0000000000003,2023-11-03,140,678732.5
1217,122.49999999999898,2023-11-06,220,678635.0
1218,712.5000000000002,2023-11-07,140,679207.5
1219,782.4999999999995,2023-11-08,140,679850.0
1220,2949.9999999999995,2023-11-09,220,682580.0
1221,-140.0000000000005,2023-11-10,140,682300.0
1222,410.0000000000001,2023-11-13,80,682630.0
1223,142.4999999999996,2023-11-15,80,682692.5
1224,320.0000000000009,2023-11-16,80,682932.5
1225,74.99999999999947,2023-11-17,80,682927.5
1226,2839.9999999999995,2023-11-20,140,685627.5
1227,1955.0,2023-11-21,220,687362.5
1228,194.99999999999972,2023-11-22,220,687337.5
1229,-99.99999999999991,2023-11-23,80,687157.5
1230,565.0000000000003,2023-11-24,80,687642.5
1231,1009.9999999999987,2023-11-28,220,688432.5
1232,-1947.4999999999995,2023-11-29,80,686405.0
1233,-52.50000000000048,2023-11-30,140,686212.5
1234,-152.5000000000009,2023-12-01,80,685980.0
1235,-1829.9999999999995,2023-12-04,80,684070.0
1236,1655.0000000000011,2023-12-05,220,685505.0
1237,1700.0000000000005,2023-12-06,140,687065.0
1238,2627.5,2023-12-07,140,689552.5
1239,-197.50000000000136,2023-12-08,140,689215.0
1240,1042.4999999999995,2023-12-11,140,690117.5
1241,1312.5000000000011,2023-12-12,220,691210.0
1242,639.9999999999997,2023-12-13,80,691770.0
1243,1975.0000000000005,2023-12-14,80,693665.0
1244,-3042.500000000001,2023-12-15,80,690542.5
1245,489.9999999999997,2023-12-18,80,690952.5
1246,262.49999999999955,2023-12-19,140,691075.0
1247,3342.5000000000023,2023-12-20,220,694197.5
1248,-1482.5000000000002,2023-12-21,80,692635.0
1249,1929.9999999999984,2023-12-22,140,694425.0
1250,64.99999999999945,2023-12-26,80,694410.0
1251,-1102.500000000001,2023-12-27,80,693227.5
1252,2322.4999999999995,2023-12-28,80,695470.0
1253,-639.9999999999995,2023-12-29,140,694690.0
