date,totalPL,balance,totalPLcumsum,pct_change,day
2019-01-01,0.0,100000.0,0.0,,Tuesday
2019-01-02,0.0,100000.0,0.0,0.0,Wednesday
2019-01-03,0.0,100000.0,0.0,0.0,Thursday
2019-01-04,0.0,100000.0,0.0,0.0,Friday
2019-01-07,0.0,100000.0,0.0,0.0,Monday
2019-01-08,0.0,100000.0,0.0,0.0,Tuesday
2019-01-09,0.0,100000.0,0.0,0.0,Wednesday
2019-01-10,0.0,100000.0,0.0,0.0,Thursday
2019-01-11,0.0,100000.0,0.0,0.0,Friday
2019-01-14,0.0,100000.0,0.0,0.0,Monday
2019-01-15,0.0,100000.0,0.0,0.0,Tuesday
2019-01-16,0.0,100000.0,0.0,0.0,Wednesday
2019-01-17,0.0,100000.0,0.0,0.0,Thursday
2019-01-18,0.0,100000.0,0.0,0.0,Friday
2019-01-21,0.0,100000.0,0.0,0.0,Monday
2019-01-22,0.0,100000.0,0.0,0.0,Tuesday
2019-01-23,0.0,100000.0,0.0,0.0,Wednesday
2019-01-24,0.0,100000.0,0.0,0.0,Thursday
2019-01-25,-305.0000000000003,99695.0,-305.0000000000003,-0.003049999999999997,Friday
2019-01-28,677.5000000000003,100372.5,372.50000000000006,0.00679572696725006,Monday
2019-01-29,62.499999999999204,100435.0,434.99999999999926,0.0006226805150812975,Tuesday
2019-01-30,1159.9999999999998,101595.0,1594.999999999999,0.011549758550306155,Wednesday
2019-01-31,5144.999999999999,106740.0,6739.999999999998,0.05064225601653627,Thursday
2019-02-01,0.0,106740.0,6739.999999999998,0.0,Friday
2019-02-04,0.0,106740.0,6739.999999999998,0.0,Monday
2019-02-05,0.0,106740.0,6739.999999999998,0.0,Tuesday
2019-02-06,0.0,106740.0,6739.999999999998,0.0,Wednesday
2019-02-07,0.0,106740.0,6739.999999999998,0.0,Thursday
2019-02-08,0.0,106740.0,6739.999999999998,0.0,Friday
2019-02-11,592.5000000000003,107332.5,7332.499999999998,0.0055508712759977374,Monday
2019-02-12,1312.4999999999995,108645.0,8644.999999999998,0.012228355810215863,Tuesday
2019-02-13,2292.5,110937.5,10937.499999999998,0.021100832988172558,Wednesday
2019-02-14,2217.5,113155.0,13154.999999999998,0.01998873239436616,Thursday
2019-02-15,550.0000000000001,113705.0,13704.999999999998,0.004860589456939568,Friday
2019-02-18,669.9999999999984,114375.0,14374.999999999996,0.0058924409656566645,Monday
2019-02-19,1937.4999999999995,116312.5,16312.499999999996,0.0169398907103826,Tuesday
2019-02-20,1325.0,117637.5,17637.499999999996,0.011391724879097342,Wednesday
2019-02-21,667.5000000000001,118305.0,18304.999999999996,0.005674211029646159,Thursday
2019-02-22,425.00000000000045,118730.0,18729.999999999996,0.003592409450150047,Friday
2019-02-25,1867.4999999999995,120597.5,20597.499999999996,0.015728964878295226,Monday
2019-02-26,-312.50000000000114,120285.0,20284.999999999996,-0.0025912643296917004,Tuesday
2019-02-27,-687.5,119597.5,19597.499999999996,-0.005715592135345227,Wednesday
2019-02-28,2482.5,122080.0,22079.999999999996,0.020757122849557996,Thursday
2019-03-01,880.0000000000005,122960.0,22959.999999999996,0.007208387942332806,Friday
2019-03-05,3492.5000000000005,126452.5,26452.499999999996,0.028403545868575186,Tuesday
2019-03-06,949.9999999999998,127402.5,27402.499999999996,0.007512702398133619,Wednesday
2019-03-07,982.4999999999999,128385.0,28384.999999999996,0.007711779596161872,Thursday
2019-03-08,352.49999999999983,128737.5,28737.499999999996,0.002745647856057909,Friday
2019-03-11,-212.4999999999995,128525.0,28524.999999999996,-0.0016506456937567249,Monday
2019-03-12,-227.49999999999994,128297.5,28297.499999999996,-0.0017700836413149235,Tuesday
2019-03-13,642.5,128940.0,28939.999999999996,0.005007891813948007,Wednesday
2019-03-14,1635.0,130575.0,30574.999999999996,0.012680316426244786,Thursday
2019-03-15,304.9999999999998,130880.0,30879.999999999996,0.002335822324334602,Friday
2019-03-18,1370.0,132250.0,32249.999999999996,0.010467603911980428,Monday
2019-03-19,1205.0000000000005,133455.0,33455.0,0.009111531190926225,Tuesday
2019-03-20,895.0,134350.0,34350.0,0.006706380427859537,Wednesday
2019-03-22,2810.0000000000005,137160.0,37160.0,0.02091551916635659,Friday
2019-03-25,892.4999999999998,138052.5,38052.5,0.006506999125109436,Monday
2019-03-26,2554.9999999999995,140607.5,40607.5,0.018507451875192427,Tuesday
2019-03-27,100.00000000000009,140707.5,40707.5,0.0007111996159521183,Wednesday
2019-03-28,440.0,141147.5,41147.5,0.0031270543503367776,Thursday
2019-03-29,-437.5,140710.0,40710.0,-0.003099594395933325,Friday
2019-04-01,-1510.0000000000002,139200.0,39200.0,-0.010731291308364699,Monday
2019-04-02,487.5000000000001,139687.5,39687.5,0.0035021551724137012,Tuesday
2019-04-03,1115.0,140802.5,40802.5,0.007982102908277389,Wednesday
2019-04-04,-257.5000000000003,140545.0,40545.0,-0.0018288027556329078,Thursday
2019-04-05,717.5000000000001,141262.5,41262.5,0.005105126471948385,Friday
2019-04-08,-1427.4999999999995,139835.0,39835.0,-0.010105300415892415,Monday
2019-04-09,789.9999999999998,140625.0,40625.0,0.005649515500411262,Tuesday
2019-04-10,730.0,141355.0,41355.0,0.005191111111111146,Wednesday
2019-04-11,37.50000000000016,141392.5,41392.5,0.00026528951929538636,Thursday
2019-04-12,342.49999999999966,141735.0,41735.0,0.0024223349894796353,Friday
2019-04-15,365.0,142100.0,42100.0,0.0025752284192330777,Monday
2019-04-16,-130.0,141970.0,41970.0,-0.0009148486980998793,Tuesday
2019-04-18,124.99999999999996,142095.0,42095.0,0.0008804677044444986,Thursday
2019-04-22,559.9999999999997,142655.0,42655.0,0.0039410253703509035,Monday
2019-04-23,-2.499999999999986,142652.5,42652.5,-1.7524797588541752e-05,Tuesday
2019-04-24,-2824.9999999999995,139827.5,39827.5,-0.019803368325125748,Wednesday
2019-04-25,-2810.0,137017.5,37017.5,-0.02009618994832918,Thursday
2019-04-26,-62.5000000000004,136955.0,36955.0,-0.0004561461127228217,Friday
2019-04-30,797.5000000000001,137752.5,37752.5,0.005823080573911232,Tuesday
2019-05-02,-2242.5,135510.0,35510.0,-0.01627919638482056,Thursday
2019-05-03,645.0000000000003,136155.0,36155.0,0.00475979632499457,Friday
2019-05-06,159.99999999999966,136315.0,36315.0,0.0011751312841981054,Monday
2019-05-07,2992.5,139307.5,39307.5,0.021952829842643906,Tuesday
2019-05-08,-180.00000000000028,139127.5,39127.5,-0.001292105593740489,Wednesday
2019-05-09,2220.0000000000005,141347.5,41347.5,0.015956586584248367,Thursday
2019-05-10,52.5000000000003,141400.0,41400.0,0.0003714250340471903,Friday
2019-05-13,4159.999999999999,145560.0,45560.0,0.029420084865629414,Monday
2019-05-14,102.49999999999972,145662.5,45662.5,0.0007041769716955582,Tuesday
2019-05-15,-142.5000000000003,145520.0,45520.0,-0.0009782888526559397,Wednesday
2019-05-16,412.5000000000003,145932.5,45932.5,0.0028346619021439867,Thursday
2019-05-17,-419.99999999999875,145512.5,45512.5,-0.0028780429308070676,Friday
2019-05-20,1780.0000000000005,147292.5,47292.5,0.012232626063052976,Monday
2019-05-21,-589.9999999999983,146702.5,46702.5,-0.004005635045912004,Tuesday
2019-05-22,12.5,146715.0,46715.0,8.520645524101589e-05,Wednesday
2019-05-23,1737.5000000000011,148452.5,48452.5,0.011842688205023322,Thursday
2019-05-24,-1679.9999999999998,146772.5,46772.5,-0.011316751149357485,Friday
2019-05-27,195.00000000000057,146967.5,46967.5,0.0013285867584187372,Monday
2019-05-28,642.5000000000001,147610.0,47610.0,0.004371714834912499,Tuesday
2019-05-29,930.0,148540.0,48540.0,0.006300386152699788,Wednesday
2019-05-30,582.5000000000003,149122.5,49122.5,0.003921502625555462,Thursday
2019-05-31,-2409.9999999999995,146712.5,46712.5,-0.016161209743667082,Friday
2019-06-03,1894.9999999999998,148607.5,48607.5,0.012916418164778065,Monday
2019-06-04,1670.0,150277.5,50277.5,0.011237656242114369,Tuesday
2019-06-06,-2570.0,147707.5,47707.5,-0.01710169519721849,Thursday
2019-06-07,79.99999999999966,147787.5,47787.5,0.0005416109540814507,Friday
2019-06-10,222.5000000000001,148010.0,48010.0,0.001505540049056897,Monday
2019-06-11,22.500000000000057,148032.5,48032.5,0.0001520167556245955,Tuesday
2019-06-12,842.5,148875.0,48875.0,0.005691317784945804,Wednesday
2019-06-13,-2677.5,146197.5,46197.5,-0.017984886649874077,Thursday
2019-06-14,1425.0000000000002,147622.5,47622.5,0.009747088698507156,Friday
2019-06-17,-362.4999999999998,147260.0,47260.0,-0.0024555877322224307,Monday
2019-06-18,-2442.500000000001,144817.5,44817.5,-0.01658630992801846,Tuesday
2019-06-19,-3007.5,141810.0,41810.0,-0.020767517737842467,Wednesday
2019-06-20,879.9999999999999,142690.0,42690.0,0.00620548621394823,Thursday
2019-06-21,639.9999999999995,143330.0,43330.0,0.004485247739855591,Friday
2019-06-24,97.49999999999947,143427.5,43427.5,0.0006802483778691748,Monday
2019-06-25,-1072.5000000000005,142355.0,42355.0,-0.007477645500339913,Tuesday
2019-06-26,1484.9999999999995,143840.0,43840.0,0.010431667310596637,Wednesday
2019-06-27,2205.0,146045.0,46045.0,0.01532953281423799,Thursday
2019-06-28,370.00000000000006,146415.0,46415.0,0.0025334657126228066,Friday
2019-07-01,565.0000000000001,146980.0,46980.0,0.0038588942389783387,Monday
2019-07-02,1342.5000000000002,148322.5,48322.5,0.009133895768131728,Tuesday
2019-07-03,-270.00000000000006,148052.5,48052.5,-0.0018203576665711818,Wednesday
2019-07-04,1689.9999999999998,149742.5,49742.5,0.011414869725266286,Thursday
2019-07-05,5962.500000000001,155705.0,55705.0,0.03981835484247953,Friday
2019-07-08,-3029.9999999999995,152675.0,52675.0,-0.0194598760476542,Monday
2019-07-09,844.9999999999999,153520.0,53520.0,0.005534632389061711,Tuesday
2019-07-10,-1542.5,151977.5,51977.5,-0.010047550807712358,Wednesday
2019-07-11,784.9999999999999,152762.5,52762.5,0.005165238275402606,Thursday
2019-07-12,-839.9999999999999,151922.5,51922.5,-0.005498731691350955,Friday
2019-07-15,-585.0000000000002,151337.5,51337.5,-0.0038506475341045787,Monday
2019-07-16,842.5000000000003,152180.0,52180.0,0.005567027339555608,Tuesday
2019-07-17,692.4999999999999,152872.5,52872.5,0.004550532264423701,Wednesday
2019-07-18,-442.50000000000017,152430.0,52430.0,-0.0028945690035814264,Thursday
2019-07-19,5070.0,157500.0,57500.0,0.03326116906120835,Friday
2019-07-22,-2409.9999999999995,155090.0,55090.0,-0.01530158730158726,Monday
2019-07-23,-1527.5,153562.5,53562.5,-0.009849119865884326,Tuesday
2019-07-24,879.9999999999997,154442.5,54442.5,0.00573056573056574,Wednesday
2019-07-25,-2832.4999999999995,151610.0,51610.0,-0.018340158958835784,Thursday
2019-07-26,807.5000000000002,152417.5,52417.5,0.005326165820196627,Friday
2019-07-29,969.9999999999991,153387.5,53387.5,0.006364098610723845,Monday
2019-07-30,1537.5,154925.0,54925.0,0.010023632955749262,Tuesday
2019-07-31,272.50000000000017,155197.5,55197.5,0.001758915604324729,Wednesday
2019-08-01,3602.5,158800.0,58800.0,0.023212358446495607,Thursday
2019-08-02,-1892.4999999999998,156907.5,56907.5,-0.011917506297229208,Friday
2019-08-05,297.49999999999943,157205.0,57205.0,0.0018960215413539316,Monday
2019-08-06,727.5000000000002,157932.5,57932.5,0.004627715403454191,Tuesday
2019-08-07,292.5000000000001,158225.0,58225.0,0.0018520570496889377,Wednesday
2019-08-08,-2564.9999999999995,155660.0,55660.0,-0.01621109179965241,Thursday
2019-08-09,575.0000000000001,156235.0,56235.0,0.0036939483489657476,Friday
2019-08-13,2625.0000000000005,158860.0,58860.0,0.016801612954843614,Tuesday
2019-08-14,-100.00000000000068,158760.0,58760.0,-0.0006294850812035291,Wednesday
2019-08-16,-612.5,158147.5,58147.5,-0.0038580246913579863,Friday
2019-08-19,297.4999999999998,158445.0,58445.0,0.0018811552506363682,Monday
2019-08-20,-582.5000000000002,157862.5,57862.5,-0.003676354570986806,Tuesday
2019-08-21,3332.5,161195.0,61195.0,0.021110143320927977,Wednesday
2019-08-22,-2227.500000000001,158967.5,58967.5,-0.013818666832097759,Thursday
2019-08-23,-3130.0000000000005,155837.5,55837.5,-0.019689559186626182,Friday
2019-08-26,-357.5000000000004,155480.0,55480.0,-0.002294056308654868,Monday
2019-08-27,677.5000000000003,156157.5,56157.5,0.0043574736300489025,Tuesday
2019-08-28,687.5000000000002,156845.0,56845.0,0.004402606342954973,Wednesday
2019-08-29,85.0000000000004,156930.0,56930.0,0.0005419363065446436,Thursday
2019-08-30,-1929.9999999999995,155000.0,55000.0,-0.012298477027974264,Friday
2019-09-03,3525.0000000000005,158525.0,58525.0,0.022741935483870934,Tuesday
2019-09-04,810.0000000000003,159335.0,59335.0,0.005109604163381132,Wednesday
2019-09-05,2892.4999999999995,162227.5,62227.5,0.018153575799416233,Thursday
2019-09-06,2237.5,164465.0,64465.0,0.01379235949515345,Friday
2019-09-09,-350.00000000000017,164115.0,64115.0,-0.002128112364332857,Monday
2019-09-11,994.9999999999999,165110.0,65110.0,0.006062821801785301,Wednesday
2019-09-12,-2687.5,162422.5,62422.5,-0.016277027436254587,Thursday
2019-09-13,-2137.5000000000005,160285.0,60285.0,-0.013160122519971118,Friday
2019-09-16,624.9999999999997,160910.0,60910.0,0.0038993043641013525,Monday
2019-09-17,6127.500000000001,167037.5,67037.5,0.038080293331676174,Tuesday
2019-09-18,867.4999999999997,167905.0,67905.0,0.005193444585796625,Wednesday
2019-09-19,-1770.0,166135.0,66135.0,-0.010541675352133684,Thursday
2019-09-20,9932.5,176067.5,76067.5,0.05978571643542896,Friday
2019-09-23,620.000000000001,176687.5,76687.5,0.0035213767447144217,Monday
2019-09-24,2002.500000000001,178690.0,78690.0,0.011333569154580836,Tuesday
2019-09-25,992.5000000000001,179682.5,79682.5,0.005554311936873946,Wednesday
2019-09-26,1882.4999999999998,181565.0,81565.0,0.01047681326784744,Thursday
2019-09-27,1127.5,182692.5,82692.5,0.006209897281965082,Friday
2019-09-30,-452.49999999999864,182240.0,82240.0,-0.0024768394980636543,Monday
2019-10-01,1279.9999999999995,183520.0,83520.0,0.0070237050043897575,Tuesday
2019-10-03,2777.5,186297.5,86297.5,0.015134590235396761,Thursday
2019-10-04,4257.5,190555.0,90555.0,0.02285323206162193,Friday
2019-10-07,1175.0,191730.0,91730.0,0.006166198735273243,Monday
2019-10-09,-1262.5,190467.5,90467.5,-0.006584780681166191,Wednesday
2019-10-10,1742.5000000000002,192210.0,92210.0,0.00914854240224705,Thursday
2019-10-11,-2782.5000000000005,189427.5,89427.5,-0.014476353987825763,Friday
2019-10-14,-349.99999999999875,189077.5,89077.5,-0.0018476725924165827,Monday
2019-10-15,912.4999999999999,189990.0,89990.0,0.004826063386706547,Tuesday
2019-10-16,-1472.4999999999998,188517.5,88517.5,-0.00775040791620607,Wednesday
2019-10-17,5227.5,193745.0,93745.0,0.027729521131990342,Thursday
2019-10-18,120.00000000000014,193865.0,93865.0,0.0006193708224728756,Friday
2019-10-22,1022.5000000000005,194887.5,94887.5,0.005274288809222982,Tuesday
2019-10-23,1045.0,195932.5,95932.5,0.005362067859662645,Wednesday
2019-10-24,-1930.0000000000002,194002.5,94002.5,-0.009850331108927857,Thursday
2019-10-25,-1715.0000000000005,192287.5,92287.5,-0.008840092266852229,Friday
2019-10-29,-2960.0,189327.5,89327.5,-0.015393616329714588,Tuesday
2019-10-30,670.0000000000001,189997.5,89997.5,0.003538841425572148,Wednesday
2019-10-31,1814.9999999999995,191812.5,91812.5,0.009552757273121992,Thursday
2019-11-01,990.0,192802.5,92802.5,0.005161290322580614,Friday
2019-11-04,507.4999999999999,193310.0,93310.0,0.0026322272792105306,Monday
2019-11-05,-230.00000000000037,193080.0,93080.0,-0.0011897987688169742,Tuesday
2019-11-06,-2747.5000000000005,190332.5,90332.5,-0.01422985291071055,Wednesday
2019-11-07,1954.9999999999998,192287.5,92287.5,0.010271498561727599,Thursday
2019-11-08,-2537.4999999999995,189750.0,89750.0,-0.013196385620490192,Friday
2019-11-11,407.5000000000003,190157.5,90157.5,0.002147562582345275,Monday
2019-11-13,687.4999999999997,190845.0,90845.0,0.0036154240563743834,Wednesday
2019-11-14,-1020.0000000000003,189825.0,89825.0,-0.00534465141869056,Thursday
2019-11-15,-47.49999999999977,189777.5,89777.5,-0.0002502304754379292,Friday
2019-11-18,687.4999999999998,190465.0,90465.0,0.003622663382118585,Monday
2019-11-19,492.5000000000002,190957.5,90957.5,0.002585776914393767,Tuesday
2019-11-20,842.4999999999999,191800.0,91800.0,0.004411976486914604,Wednesday
2019-11-21,657.4999999999999,192457.5,92457.5,0.0034280500521377544,Thursday
2019-11-22,509.9999999999997,192967.5,92967.5,0.002649935700089534,Friday
2019-11-25,1544.9999999999998,194512.5,94512.5,0.008006529596952916,Monday
2019-11-26,940.0,195452.5,95452.5,0.0048325943062785814,Tuesday
2019-11-27,962.5000000000002,196415.0,96415.0,0.004924470139803683,Wednesday
2019-11-28,-367.5000000000001,196047.5,96047.5,-0.0018710383626504568,Thursday
2019-11-29,269.9999999999993,196317.5,96317.5,0.001377217256022245,Friday
2019-12-02,22.49999999999943,196340.0,96340.0,0.00011461026143866349,Monday
2019-12-03,1845.0,198185.0,98185.0,0.009396964449424505,Tuesday
2019-12-04,-2730.0000000000005,195455.0,95455.0,-0.013775008199409688,Wednesday
2019-12-05,1592.4999999999998,197047.5,97047.5,0.008147655470568615,Thursday
2019-12-06,-437.4999999999993,196610.0,96610.0,-0.002220276836803259,Friday
2019-12-09,695.0000000000005,197305.0,97305.0,0.00353491684044549,Monday
2019-12-10,1420.0,198725.0,98725.0,0.007196979296013817,Tuesday
2019-12-11,-2337.5,196387.5,96387.5,-0.01176248584727635,Wednesday
2019-12-12,1324.9999999999998,197712.5,97712.5,0.0067468652536439855,Thursday
2019-12-13,-1072.5000000000002,196640.0,96640.0,-0.005424543212998678,Friday
2019-12-16,497.50000000000074,197137.5,97137.5,0.002530004068348246,Monday
2019-12-17,1012.4999999999995,198150.0,98150.0,0.005136009130682906,Tuesday
2019-12-18,455.0,198605.0,98605.0,0.0022962402220541023,Wednesday
2019-12-19,-872.4999999999998,197732.5,97732.5,-0.0043931421666121295,Thursday
2019-12-20,605.0,198337.5,98337.5,0.003059689226606599,Friday
2019-12-23,-1949.9999999999995,196387.5,96387.5,-0.009831726224239001,Monday
2019-12-24,-650.0,195737.5,95737.5,-0.0033097829546178126,Tuesday
2019-12-26,-1555.0,194182.5,94182.5,-0.007944313174532258,Thursday
2019-12-27,-269.9999999999999,193912.5,93912.5,-0.0013904445560233292,Friday
2019-12-30,407.5000000000001,194320.0,94320.0,0.0021014632888545215,Monday
2019-12-31,2227.499999999999,196547.5,96547.5,0.011463050638122585,Tuesday
2020-01-01,690.0000000000001,197237.5,97237.5,0.003510601762932719,Wednesday
2020-01-02,-917.4999999999998,196320.0,96320.0,-0.004651752329044911,Thursday
2020-01-03,447.49999999999983,196767.5,96767.5,0.002279441727791376,Friday
2020-01-06,25.0000000000002,196792.5,96792.5,0.00012705350222974587,Monday
2020-01-07,-762.4999999999995,196030.0,96030.0,-0.003874639531486257,Tuesday
2020-01-08,1352.5000000000005,197382.5,97382.5,0.006899454165178787,Wednesday
2020-01-09,-1177.4999999999995,196205.0,96205.0,-0.0059655744556887935,Thursday
2020-01-10,224.99999999999977,196430.0,96430.0,0.0011467597665706375,Friday
2020-01-13,1272.5,197702.5,97702.5,0.006478134704474892,Monday
2020-01-14,2657.5000000000005,200360.0,100360.0,0.013441913986924847,Tuesday
2020-01-15,-2210.0,198150.0,98150.0,-0.011030145737672137,Wednesday
2020-01-16,-27.49999999999982,198122.5,98122.5,-0.00013878374968456786,Thursday
2020-01-17,589.9999999999999,198712.5,98712.5,0.0029779555577988948,Friday
2020-01-20,4175.0,202887.5,102887.5,0.02101025350695096,Monday
2020-01-21,-34.99999999999997,202852.5,102852.5,-0.00017250939560098377,Tuesday
2020-01-22,2675.0,205527.5,105527.5,0.013186921531654683,Wednesday
2020-01-23,855.0000000000002,206382.5,106382.5,0.0041600272469621835,Thursday
2020-01-24,-6492.499999999999,199890.0,99890.0,-0.03145857812556785,Friday
2020-01-27,1355.0,201245.0,101245.0,0.006778728300565362,Monday
2020-01-28,2322.4999999999995,203567.5,103567.5,0.011540659395264496,Tuesday
2020-01-29,872.5000000000002,204440.0,104440.0,0.00428604762548046,Wednesday
2020-01-30,3152.4999999999995,207592.5,107592.5,0.015420172177656122,Thursday
2020-01-31,6415.0,214007.5,114007.5,0.030901887110565074,Friday
2020-02-01,-499.9999999999985,213507.5,113507.5,-0.0023363667161198087,Saturday
2020-02-03,1917.500000000001,215425.0,115425.0,0.00898094914698544,Monday
2020-02-04,-77.49999999999989,215347.5,115347.5,-0.00035975397470122683,Tuesday
2020-02-05,1050.0000000000005,216397.5,116397.5,0.004875840211750804,Wednesday
2020-02-06,2037.5,218435.0,118435.0,0.00941554315553561,Thursday
2020-02-07,655.0000000000001,219090.0,119090.0,0.0029986037036189295,Friday
2020-02-10,-969.9999999999999,218120.0,118120.0,-0.004427404263088186,Monday
2020-02-11,452.5000000000002,218572.5,118572.5,0.002074546121401122,Tuesday
2020-02-12,397.5000000000001,218970.0,118970.0,0.0018186185361837026,Wednesday
2020-02-13,1127.5,220097.5,120097.5,0.005149107183632484,Thursday
2020-02-14,657.4999999999989,220755.0,120755.0,0.0029873124410773055,Friday
2020-02-17,2167.499999999999,222922.5,122922.5,0.00981857715567025,Monday
2020-02-18,64.99999999999993,222987.5,122987.5,0.00029158115488558956,Tuesday
2020-02-19,465.0000000000002,223452.5,123452.5,0.002085318683782811,Wednesday
2020-02-20,-329.9999999999997,223122.5,123122.5,-0.0014768239334981281,Thursday
2020-02-24,-2037.4999999999995,221085.0,121085.0,-0.009131754977646844,Monday
2020-02-25,702.4999999999998,221787.5,121787.5,0.003177510912092618,Tuesday
2020-02-26,-589.9999999999999,221197.5,121197.5,-0.002660204024122148,Wednesday
2020-02-27,1084.9999999999995,222282.5,122282.5,0.0049051187287378895,Thursday
2020-02-28,-147.4999999999998,222135.0,122135.0,-0.0006635700066357497,Friday
2020-03-02,-1162.500000000001,220972.5,120972.5,-0.005233304071848188,Monday
2020-03-03,520.0000000000007,221492.5,121492.5,0.0023532339997058838,Tuesday
2020-03-04,1049.9999999999998,222542.5,122542.5,0.004740566836348936,Wednesday
2020-03-05,-780.0000000000003,221762.5,121762.5,-0.0035049484929844388,Thursday
2020-03-06,3882.4999999999995,225645.0,125645.0,0.017507468575615803,Friday
2020-03-09,409.99999999999983,226055.0,126055.0,0.0018170134503312507,Monday
2020-03-11,707.5000000000001,226762.5,126762.5,0.0031297693039304963,Wednesday
2020-03-12,-559.9999999999995,226202.5,126202.5,-0.0024695441265640827,Thursday
2020-03-13,0.0,226202.5,126202.5,0.0,Friday
2020-03-16,-832.4999999999927,225370.0,125370.0,-0.003680330677158783,Monday
2020-03-17,13775.000000000005,239145.0,139145.0,0.061121710964192166,Tuesday
2020-03-18,-727.5000000000003,238417.5,138417.5,-0.00304208743649248,Wednesday
2020-03-19,-2932.5000000000027,235485.0,135485.0,-0.012299852150114865,Thursday
2020-03-20,14689.999999999995,250175.0,150175.0,0.06238189268955563,Friday
2020-03-23,5775.000000000002,255950.0,155950.0,0.02308384131108232,Monday
2020-03-24,-2839.9999999999973,253110.0,153110.0,-0.011095917171322522,Tuesday
2020-03-25,9952.499999999998,263062.5,163062.5,0.03932084864288243,Wednesday
2020-03-26,3687.4999999999995,266750.0,166750.0,0.014017581373247712,Thursday
2020-03-27,-337.50000000000136,266412.5,166412.5,-0.0012652296157450449,Friday
2020-03-30,667.5000000000027,267080.0,167080.0,0.0025055130671420844,Monday
2020-03-31,460.0000000000004,267540.0,167540.0,0.0017223303878988183,Tuesday
2020-04-01,1060.0000000000005,268600.0,168600.0,0.003962024370187667,Wednesday
2020-04-03,2402.5,271002.5,171002.5,0.008944527177959793,Friday
2020-04-07,-2734.9999999999995,268267.5,168267.5,-0.010092157821422365,Tuesday
2020-04-08,312.50000000000017,268580.0,168580.0,0.0011648820673395566,Wednesday
2020-04-09,564.9999999999991,269145.0,169145.0,0.0021036562662892777,Thursday
2020-04-13,292.500000000001,269437.5,169437.5,0.00108677478682484,Monday
2020-04-15,2592.499999999999,272030.0,172030.0,0.009621897471584262,Wednesday
2020-04-16,-362.5000000000001,271667.5,171667.5,-0.0013325736132043797,Thursday
2020-04-17,819.9999999999998,272487.5,172487.5,0.0030183956490930086,Friday
2020-04-20,387.5000000000009,272875.0,172875.0,0.0014220835818157251,Monday
2020-04-21,52.500000000000234,272927.5,172927.5,0.00019239578561602855,Tuesday
2020-04-22,-924.9999999999995,272002.5,172002.5,-0.003389178444825114,Wednesday
2020-04-23,3012.5,275015.0,175015.0,0.01107526585233587,Thursday
2020-04-24,730.0000000000011,275745.0,175745.0,0.002654400669054313,Friday
2020-04-27,-2162.5,273582.5,173582.5,-0.00784239061451708,Monday
2020-04-28,2147.500000000001,275730.0,175730.0,0.007849551780541475,Tuesday
2020-04-29,-357.4999999999998,275372.5,175372.5,-0.0012965582272512766,Wednesday
2020-04-30,3804.9999999999995,279177.5,179177.5,0.013817647005419875,Thursday
2020-05-04,647.4999999999993,279825.0,179825.0,0.0023193129818843694,Monday
2020-05-05,3019.999999999999,282845.0,182845.0,0.010792459572947388,Tuesday
2020-05-06,-122.49999999999918,282722.5,182722.5,-0.00043309940073188447,Wednesday
2020-05-07,3135.0,285857.5,185857.5,0.011088611624472833,Thursday
2020-05-08,527.4999999999995,286385.0,186385.0,0.0018453250308283486,Friday
2020-05-11,-825.0000000000011,285560.0,185560.0,-0.0028807374687920273,Monday
2020-05-12,-3100.0,282460.0,182460.0,-0.010855862165569441,Tuesday
2020-05-13,-55.0000000000008,282405.0,182405.0,-0.00019471783615376825,Wednesday
2020-05-14,2567.5,284972.5,184972.5,0.009091552911598688,Thursday
2020-05-15,-30.0000000000002,284942.5,184942.5,-0.00010527331584631039,Friday
2020-05-18,380.0,285322.5,185322.5,0.0013336023934653607,Monday
2020-05-19,662.5000000000002,285985.0,185985.0,0.0023219339519315874,Tuesday
2020-05-20,3535.000000000001,289520.0,189520.0,0.012360788153224833,Wednesday
2020-05-21,2377.4999999999995,291897.5,191897.5,0.00821186791931483,Thursday
2020-05-22,1300.000000000001,293197.5,193197.5,0.004453618136503357,Friday
2020-05-26,-1107.5000000000002,292090.0,192090.0,-0.0037773173372896984,Tuesday
2020-05-27,4822.5,296912.5,196912.5,0.016510322160977697,Wednesday
2020-05-28,-1249.9999999999998,295662.5,195662.5,-0.004209994527007099,Thursday
2020-05-29,-619.999999999999,295042.5,195042.5,-0.0020969855832241313,Friday
2020-06-01,690.0000000000002,295732.5,195732.5,0.0023386461272527637,Monday
2020-06-02,4929.999999999997,300662.5,200662.5,0.016670470780181468,Tuesday
2020-06-03,-2124.9999999999995,298537.5,198537.5,-0.00706772543965406,Wednesday
2020-06-04,-342.50000000000045,298195.0,198195.0,-0.0011472595570071187,Thursday
2020-06-05,0.0,298195.0,198195.0,0.0,Friday
2020-06-08,0.0,298195.0,198195.0,0.0,Monday
2020-06-09,0.0,298195.0,198195.0,0.0,Tuesday
2020-06-10,0.0,298195.0,198195.0,0.0,Wednesday
2020-06-11,0.0,298195.0,198195.0,0.0,Thursday
2020-06-12,0.0,298195.0,198195.0,0.0,Friday
2020-06-15,0.0,298195.0,198195.0,0.0,Monday
2020-06-16,0.0,298195.0,198195.0,0.0,Tuesday
2020-06-17,0.0,298195.0,198195.0,0.0,Wednesday
2020-06-18,0.0,298195.0,198195.0,0.0,Thursday
2020-06-19,0.0,298195.0,198195.0,0.0,Friday
2020-06-22,0.0,298195.0,198195.0,0.0,Monday
2020-06-23,0.0,298195.0,198195.0,0.0,Tuesday
2020-06-24,0.0,298195.0,198195.0,0.0,Wednesday
2020-06-25,0.0,298195.0,198195.0,0.0,Thursday
2020-06-26,0.0,298195.0,198195.0,0.0,Friday
2020-06-29,0.0,298195.0,198195.0,0.0,Monday
2020-06-30,0.0,298195.0,198195.0,0.0,Tuesday
2020-07-01,0.0,298195.0,198195.0,0.0,Wednesday
2020-07-02,0.0,298195.0,198195.0,0.0,Thursday
2020-07-03,0.0,298195.0,198195.0,0.0,Friday
2020-07-06,0.0,298195.0,198195.0,0.0,Monday
2020-07-07,0.0,298195.0,198195.0,0.0,Tuesday
2020-07-08,0.0,298195.0,198195.0,0.0,Wednesday
2020-07-09,0.0,298195.0,198195.0,0.0,Thursday
2020-07-10,0.0,298195.0,198195.0,0.0,Friday
2020-07-13,0.0,298195.0,198195.0,0.0,Monday
2020-07-14,0.0,298195.0,198195.0,0.0,Tuesday
2020-07-15,0.0,298195.0,198195.0,0.0,Wednesday
2020-07-16,0.0,298195.0,198195.0,0.0,Thursday
2020-07-17,0.0,298195.0,198195.0,0.0,Friday
2020-07-20,0.0,298195.0,198195.0,0.0,Monday
2020-07-21,0.0,298195.0,198195.0,0.0,Tuesday
2020-07-22,0.0,298195.0,198195.0,0.0,Wednesday
2020-07-23,0.0,298195.0,198195.0,0.0,Thursday
2020-07-24,0.0,298195.0,198195.0,0.0,Friday
2020-07-27,0.0,298195.0,198195.0,0.0,Monday
2020-07-28,0.0,298195.0,198195.0,0.0,Tuesday
2020-07-29,0.0,298195.0,198195.0,0.0,Wednesday
2020-07-30,0.0,298195.0,198195.0,0.0,Thursday
2020-07-31,0.0,298195.0,198195.0,0.0,Friday
2020-08-03,0.0,298195.0,198195.0,0.0,Monday
2020-08-04,0.0,298195.0,198195.0,0.0,Tuesday
2020-08-05,0.0,298195.0,198195.0,0.0,Wednesday
2020-08-06,0.0,298195.0,198195.0,0.0,Thursday
2020-08-07,0.0,298195.0,198195.0,0.0,Friday
2020-08-10,0.0,298195.0,198195.0,0.0,Monday
2020-08-11,0.0,298195.0,198195.0,0.0,Tuesday
2020-08-12,0.0,298195.0,198195.0,0.0,Wednesday
2020-08-13,0.0,298195.0,198195.0,0.0,Thursday
2020-08-14,0.0,298195.0,198195.0,0.0,Friday
2020-08-17,0.0,298195.0,198195.0,0.0,Monday
2020-08-18,0.0,298195.0,198195.0,0.0,Tuesday
2020-08-19,0.0,298195.0,198195.0,0.0,Wednesday
2020-08-20,0.0,298195.0,198195.0,0.0,Thursday
2020-08-21,0.0,298195.0,198195.0,0.0,Friday
2020-08-24,0.0,298195.0,198195.0,0.0,Monday
2020-08-25,0.0,298195.0,198195.0,0.0,Tuesday
2020-08-26,0.0,298195.0,198195.0,0.0,Wednesday
2020-08-27,0.0,298195.0,198195.0,0.0,Thursday
2020-08-28,0.0,298195.0,198195.0,0.0,Friday
2020-08-31,0.0,298195.0,198195.0,0.0,Monday
2020-09-01,0.0,298195.0,198195.0,0.0,Tuesday
2020-09-02,0.0,298195.0,198195.0,0.0,Wednesday
2020-09-03,0.0,298195.0,198195.0,0.0,Thursday
2020-09-04,0.0,298195.0,198195.0,0.0,Friday
2020-09-07,0.0,298195.0,198195.0,0.0,Monday
2020-09-08,0.0,298195.0,198195.0,0.0,Tuesday
2020-09-09,0.0,298195.0,198195.0,0.0,Wednesday
2020-09-10,0.0,298195.0,198195.0,0.0,Thursday
2020-09-11,0.0,298195.0,198195.0,0.0,Friday
2020-09-14,0.0,298195.0,198195.0,0.0,Monday
2020-09-15,0.0,298195.0,198195.0,0.0,Tuesday
2020-09-16,0.0,298195.0,198195.0,0.0,Wednesday
2020-09-17,0.0,298195.0,198195.0,0.0,Thursday
2020-09-18,0.0,298195.0,198195.0,0.0,Friday
2020-09-21,0.0,298195.0,198195.0,0.0,Monday
2020-09-22,0.0,298195.0,198195.0,0.0,Tuesday
2020-09-23,0.0,298195.0,198195.0,0.0,Wednesday
2020-09-24,0.0,298195.0,198195.0,0.0,Thursday
2020-09-25,0.0,298195.0,198195.0,0.0,Friday
2020-09-28,0.0,298195.0,198195.0,0.0,Monday
2020-09-29,0.0,298195.0,198195.0,0.0,Tuesday
2020-09-30,0.0,298195.0,198195.0,0.0,Wednesday
2020-10-01,0.0,298195.0,198195.0,0.0,Thursday
2020-10-05,0.0,298195.0,198195.0,0.0,Monday
2020-10-06,0.0,298195.0,198195.0,0.0,Tuesday
2020-10-07,0.0,298195.0,198195.0,0.0,Wednesday
2020-10-08,0.0,298195.0,198195.0,0.0,Thursday
2020-10-09,0.0,298195.0,198195.0,0.0,Friday
2020-10-12,0.0,298195.0,198195.0,0.0,Monday
2020-10-13,0.0,298195.0,198195.0,0.0,Tuesday
2020-10-14,0.0,298195.0,198195.0,0.0,Wednesday
2020-10-15,0.0,298195.0,198195.0,0.0,Thursday
2020-10-16,0.0,298195.0,198195.0,0.0,Friday
2020-10-19,0.0,298195.0,198195.0,0.0,Monday
2020-10-20,0.0,298195.0,198195.0,0.0,Tuesday
2020-10-21,0.0,298195.0,198195.0,0.0,Wednesday
2020-10-22,0.0,298195.0,198195.0,0.0,Thursday
2020-10-23,0.0,298195.0,198195.0,0.0,Friday
2020-10-26,0.0,298195.0,198195.0,0.0,Monday
2020-10-27,0.0,298195.0,198195.0,0.0,Tuesday
2020-10-28,0.0,298195.0,198195.0,0.0,Wednesday
2020-10-29,0.0,298195.0,198195.0,0.0,Thursday
2020-10-30,0.0,298195.0,198195.0,0.0,Friday
2020-11-02,0.0,298195.0,198195.0,0.0,Monday
2020-11-03,0.0,298195.0,198195.0,0.0,Tuesday
2020-11-04,0.0,298195.0,198195.0,0.0,Wednesday
2020-11-05,0.0,298195.0,198195.0,0.0,Thursday
2020-11-06,0.0,298195.0,198195.0,0.0,Friday
2020-11-09,0.0,298195.0,198195.0,0.0,Monday
2020-11-10,0.0,298195.0,198195.0,0.0,Tuesday
2020-11-11,0.0,298195.0,198195.0,0.0,Wednesday
2020-11-12,0.0,298195.0,198195.0,0.0,Thursday
2020-11-13,0.0,298195.0,198195.0,0.0,Friday
2020-11-17,0.0,298195.0,198195.0,0.0,Tuesday
2020-11-18,0.0,298195.0,198195.0,0.0,Wednesday
2020-11-19,0.0,298195.0,198195.0,0.0,Thursday
2020-11-20,0.0,298195.0,198195.0,0.0,Friday
2020-11-23,0.0,298195.0,198195.0,0.0,Monday
2020-11-24,0.0,298195.0,198195.0,0.0,Tuesday
2020-11-25,0.0,298195.0,198195.0,0.0,Wednesday
2020-11-26,0.0,298195.0,198195.0,0.0,Thursday
2020-11-27,0.0,298195.0,198195.0,0.0,Friday
2020-12-01,0.0,298195.0,198195.0,0.0,Tuesday
2020-12-02,0.0,298195.0,198195.0,0.0,Wednesday
2020-12-03,0.0,298195.0,198195.0,0.0,Thursday
2020-12-04,0.0,298195.0,198195.0,0.0,Friday
2020-12-07,0.0,298195.0,198195.0,0.0,Monday
2020-12-08,0.0,298195.0,198195.0,0.0,Tuesday
2020-12-09,0.0,298195.0,198195.0,0.0,Wednesday
2020-12-10,0.0,298195.0,198195.0,0.0,Thursday
2020-12-11,0.0,298195.0,198195.0,0.0,Friday
2020-12-14,0.0,298195.0,198195.0,0.0,Monday
2020-12-15,0.0,298195.0,198195.0,0.0,Tuesday
2020-12-16,0.0,298195.0,198195.0,0.0,Wednesday
2020-12-17,0.0,298195.0,198195.0,0.0,Thursday
2020-12-18,0.0,298195.0,198195.0,0.0,Friday
2020-12-21,0.0,298195.0,198195.0,0.0,Monday
2020-12-22,0.0,298195.0,198195.0,0.0,Tuesday
2020-12-23,0.0,298195.0,198195.0,0.0,Wednesday
2020-12-24,0.0,298195.0,198195.0,0.0,Thursday
2020-12-28,0.0,298195.0,198195.0,0.0,Monday
2020-12-29,0.0,298195.0,198195.0,0.0,Tuesday
2020-12-30,0.0,298195.0,198195.0,0.0,Wednesday
2020-12-31,0.0,298195.0,198195.0,0.0,Thursday
2021-01-01,954.9999999999998,299150.0,199150.0,0.0032026023239826173,Friday
2021-01-04,662.5000000000005,299812.5,199812.5,0.0022146080561591397,Monday
2021-01-05,3737.5,303550.0,203550.0,0.012466124661246525,Tuesday
2021-01-06,-2632.4999999999995,300917.5,200917.5,-0.008672376873661625,Wednesday
2021-01-07,-32.499999999999886,300885.0,200885.0,-0.00010800302408464635,Thursday
2021-01-08,3865.0,304750.0,204750.0,0.012845439287435312,Friday
2021-01-11,400.0000000000001,305150.0,205150.0,0.0013125512715339571,Monday
2021-01-12,5247.500000000001,310397.5,210397.5,0.01719646075700476,Tuesday
2021-01-13,819.9999999999999,311217.5,211217.5,0.002641773854493046,Wednesday
2021-01-14,-1069.9999999999998,310147.5,210147.5,-0.0034381100034541756,Thursday
2021-01-15,-2909.9999999999995,307237.5,207237.5,-0.00938263245713733,Friday
2021-01-18,894.9999999999993,308132.5,208132.5,0.002913055860694014,Monday
2021-01-19,-1427.4999999999995,306705.0,206705.0,-0.004632747275928328,Tuesday
2021-01-20,3017.5,309722.5,209722.5,0.009838444107530098,Wednesday
2021-01-21,-1922.5000000000002,307800.0,207800.0,-0.006207169320924355,Thursday
2021-01-22,-1875.0,305925.0,205925.0,-0.006091617933723148,Friday
2021-01-25,-2472.4999999999995,303452.5,203452.5,-0.008082046253166664,Monday
2021-01-27,-400.00000000000114,303052.5,203052.5,-0.0013181634687471355,Wednesday
2021-01-28,2192.500000000001,305245.0,205245.0,0.007234720056755739,Thursday
2021-01-29,5099.999999999999,310345.0,210345.0,0.016707890383134805,Friday
2021-02-01,5562.500000000001,315907.5,215907.5,0.017923601153554847,Monday
2021-02-02,909.9999999999999,316817.5,216817.5,0.0028805900461368328,Tuesday
2021-02-03,4347.5,321165.0,221165.0,0.013722411167312432,Wednesday
2021-02-04,-2862.5,318302.5,218302.5,-0.008912864104120954,Thursday
2021-02-05,855.0000000000006,319157.5,219157.5,0.002686124048664418,Friday
2021-02-08,737.5,319895.0,219895.0,0.0023107713276360187,Monday
2021-02-09,312.4999999999996,320207.5,220207.5,0.0009768830397474115,Tuesday
2021-02-10,885.0,321092.5,221092.5,0.0027638328271510915,Wednesday
2021-02-11,1925.0,323017.5,223017.5,0.005995157158762643,Thursday
2021-02-12,684.9999999999994,323702.5,223702.5,0.0021206281393422177,Friday
2021-02-15,2.5000000000006786,323705.0,223705.0,7.723140846849219e-06,Monday
2021-02-16,-2772.4999999999995,320932.5,220932.5,-0.008564897051327569,Tuesday
2021-02-17,-1562.4999999999995,319370.0,219370.0,-0.004868625022395712,Wednesday
2021-02-18,1472.5000000000002,320842.5,220842.5,0.004610639696903229,Thursday
2021-02-19,3305.0000000000005,324147.5,224147.5,0.010301004386887636,Friday
2021-02-22,-1565.0,322582.5,222582.5,-0.0048280489591929765,Monday
2021-02-23,432.49999999999955,323015.0,223015.0,0.0013407422907318889,Tuesday
2021-02-24,-152.49999999999918,322862.5,222862.5,-0.0004721142980975701,Wednesday
2021-02-25,-2250.0,320612.5,220612.5,-0.0069689109140887995,Thursday
2021-02-26,-1204.9999999999986,319407.5,219407.5,-0.0037584311279191818,Friday
2021-03-01,875.0000000000005,320282.5,220282.5,0.0027394472578132767,Monday
2021-03-02,267.5000000000001,320550.0,220550.0,0.0008352001748457294,Tuesday
2021-03-03,-2772.5,317777.5,217777.5,-0.008649196693183536,Wednesday
2021-03-04,-310.0000000000007,317467.5,217467.5,-0.0009755253282563991,Thursday
2021-03-05,-145.0000000000008,317322.5,217322.5,-0.00045673966626502693,Friday
2021-03-08,1165.0000000000011,318487.5,218487.5,0.003671343822136741,Monday
2021-03-09,2215.0,320702.5,220702.5,0.006954747046587384,Tuesday
2021-03-10,2855.0000000000005,323557.5,223557.5,0.008902331600159075,Wednesday
2021-03-12,-3037.5000000000014,320520.0,220520.0,-0.009387821330057222,Friday
2021-03-15,1289.999999999999,321810.0,221810.0,0.004024709846499386,Monday
2021-03-16,340.0000000000002,322150.0,222150.0,0.0010565240359217132,Tuesday
2021-03-17,4100.000000000001,326250.0,226250.0,0.012726990532360594,Wednesday
2021-03-18,4942.500000000001,331192.5,231192.5,0.0151494252873563,Thursday
2021-03-19,-2972.499999999999,328220.0,228220.0,-0.008975142854986129,Friday
2021-03-22,955.0000000000014,329175.0,229175.0,0.002909633782219201,Monday
2021-03-23,1314.9999999999982,330490.0,230490.0,0.0039948355737828845,Tuesday
2021-03-24,-1087.4999999999998,329402.5,229402.5,-0.0032905685497292003,Wednesday
2021-03-25,-837.5000000000002,328565.0,228565.0,-0.0025424822215981413,Thursday
2021-03-26,1352.5000000000002,329917.5,229917.5,0.004116384885791247,Friday
2021-03-30,-882.5000000000001,329035.0,229035.0,-0.002674911152030446,Tuesday
2021-03-31,327.50000000000114,329362.5,229362.5,0.0009953348427977904,Wednesday
2021-04-01,1432.4999999999998,330795.0,230795.0,0.00434931116930426,Thursday
2021-04-05,7392.500000000001,338187.5,238187.5,0.022347677564654944,Monday
2021-04-06,1065.0000000000005,339252.5,239252.5,0.003149140639438164,Tuesday
2021-04-07,942.499999999998,340195.0,240195.0,0.0027781667047406255,Wednesday
2021-04-08,-1632.5000000000005,338562.5,238562.5,-0.004798718382104328,Thursday
2021-04-09,-2442.500000000001,336120.0,236120.0,-0.0072143252722909335,Friday
2021-04-12,-70.00000000000011,336050.0,236050.0,-0.00020825895513509884,Monday
2021-04-13,2379.999999999999,338430.0,238430.0,0.007082279422705007,Tuesday
2021-04-15,-1762.5000000000002,336667.5,236667.5,-0.005207871642584849,Thursday
2021-04-16,-2684.9999999999977,333982.5,233982.5,-0.007975227784089656,Friday
2021-04-19,-717.4999999999994,333265.0,233265.0,-0.0021483161542895646,Monday
2021-04-20,-3024.9999999999995,330240.0,230240.0,-0.009076860756455085,Tuesday
2021-04-22,-1410.0000000000005,328830.0,228830.0,-0.004269622093023284,Thursday
2021-04-23,544.9999999999995,329375.0,229375.0,0.0016573913572361931,Friday
2021-04-26,797.4999999999998,330172.5,230172.5,0.0024212523719164825,Monday
2021-04-27,-317.50000000000017,329855.0,229855.0,-0.0009616185478802386,Tuesday
2021-04-28,-547.5,329307.5,229307.5,-0.0016598202240378779,Wednesday
2021-04-29,-1555.0000000000002,327752.5,227752.5,-0.004722030321204329,Thursday
2021-04-30,5137.499999999999,332890.0,232890.0,0.015674937643496145,Friday
2021-05-03,-172.50000000000009,332717.5,232717.5,-0.0005181891916248293,Monday
2021-05-04,574.9999999999997,333292.5,233292.5,0.001728192836264908,Tuesday
2021-05-05,309.9999999999998,333602.5,233602.5,0.0009301139389574775,Wednesday
2021-05-06,2960.0,336562.5,236562.5,0.008872835185587569,Thursday
2021-05-07,767.5000000000007,337330.0,237330.0,0.002280408542246981,Friday
2021-05-10,602.4999999999998,337932.5,237932.5,0.0017860848427355691,Monday
2021-05-11,287.5000000000005,338220.0,238220.0,0.0008507616165949194,Tuesday
2021-05-12,1110.0,339330.0,239330.0,0.0032818875288274096,Wednesday
2021-05-14,1859.999999999999,341190.0,241190.0,0.005481389797542313,Friday
2021-05-17,6412.499999999999,347602.5,247602.5,0.018794513321023443,Monday
2021-05-18,199.99999999999997,347802.5,247802.5,0.0005753698549348929,Tuesday
2021-05-19,1260.0,349062.5,249062.5,0.0036227456674404745,Wednesday
2021-05-20,1457.5,350520.0,250520.0,0.004175470008952464,Thursday
2021-05-21,1964.9999999999993,352485.0,252485.0,0.005605956864087602,Friday
2021-05-24,-1672.5000000000018,350812.5,250812.5,-0.004744882760968516,Monday
2021-05-25,-2582.5000000000005,348230.0,248230.0,-0.00736148227329414,Tuesday
2021-05-26,-164.99999999999966,348065.0,248065.0,-0.00047382477098467657,Wednesday
2021-05-27,-1647.4999999999995,346417.5,246417.5,-0.004733311306796106,Thursday
2021-05-28,359.9999999999999,346777.5,246777.5,0.001039208469548969,Friday
2021-05-31,4825.000000000001,351602.5,251602.5,0.013913820821708445,Monday
2021-06-01,479.99999999999943,352082.5,252082.5,0.0013651780064134478,Tuesday
2021-06-02,-324.99999999999994,351757.5,251757.5,-0.0009230791078795875,Wednesday
2021-06-03,1377.4999999999998,353135.0,253135.0,0.00391605011975571,Thursday
2021-06-04,1352.5,354487.5,254487.5,0.003829980035963576,Friday
2021-06-07,1360.0000000000002,355847.5,255847.5,0.003836524560104415,Monday
2021-06-08,350.00000000000057,356197.5,256197.5,0.0009835673989559979,Tuesday
2021-06-09,-139.99999999999943,356057.5,256057.5,-0.00039304037788023827,Wednesday
2021-06-10,957.5,357015.0,257015.0,0.002689172394908068,Thursday
2021-06-11,1010.0,358025.0,258025.0,0.002829012786577545,Friday
2021-06-14,-2012.4999999999998,356012.5,256012.5,-0.005621115843865598,Monday
2021-06-15,-665.0000000000002,355347.5,255347.5,-0.0018679119412942091,Tuesday
2021-06-16,164.99999999999972,355512.5,255512.5,0.0004643342080639101,Wednesday
2021-06-17,69.99999999999983,355582.5,255582.5,0.0001968988432192731,Thursday
2021-06-18,5327.5,360910.0,260910.0,0.014982458360577322,Friday
2021-06-21,645.0000000000006,361555.0,261555.0,0.0017871491507577275,Monday
2021-06-22,-935.0000000000003,360620.0,260620.0,-0.002586051914646448,Tuesday
2021-06-23,-592.5000000000003,360027.5,260027.5,-0.0016430037158227107,Wednesday
2021-06-24,905.0000000000002,360932.5,260932.5,0.002513696870378057,Thursday
2021-06-25,1880.0,362812.5,262812.5,0.005208730164227404,Friday
2021-06-28,162.49999999999974,362975.0,262975.0,0.0004478897502153689,Monday
2021-06-29,687.4999999999998,363662.5,263662.5,0.0018940698395206734,Tuesday
2021-06-30,464.9999999999998,364127.5,264127.5,0.0012786580964492256,Wednesday
2021-07-01,1040.0,365167.5,265167.5,0.0028561424226403176,Thursday
2021-07-02,522.4999999999997,365690.0,265690.0,0.0014308502262661005,Friday
2021-07-05,1249.9999999999998,366940.0,266940.0,0.0034181957395609253,Monday
2021-07-06,150.00000000000034,367090.0,267090.0,0.00040878617757678093,Tuesday
2021-07-07,-495.00000000000006,366595.0,266595.0,-0.0013484431610776282,Wednesday
2021-07-08,2372.5000000000005,368967.5,268967.5,0.006471719472442405,Thursday
2021-07-09,882.5000000000002,369850.0,269850.0,0.0023918095767241354,Friday
2021-07-12,-3090.0,366760.0,266760.0,-0.00835473840746248,Monday
2021-07-13,1014.9999999999997,367775.0,267775.0,0.0027674773693968646,Tuesday
2021-07-14,3807.5000000000005,371582.5,271582.5,0.010352797226565125,Wednesday
2021-07-15,1115.0,372697.5,272697.5,0.0030006795260810737,Thursday
2021-07-16,542.4999999999995,373240.0,273240.0,0.0014556040756914523,Friday
2021-07-19,-609.9999999999998,372630.0,272630.0,-0.0016343371557174802,Monday
2021-07-20,1200.0000000000002,373830.0,273830.0,0.003220352628612755,Tuesday
2021-07-22,-1059.9999999999995,372770.0,272770.0,-0.0028355134686889327,Thursday
2021-07-23,112.49999999999943,372882.5,272882.5,0.00030179467231805646,Friday
2021-07-26,590.0000000000005,373472.5,273472.5,0.0015822678725871953,Monday
2021-07-27,2064.9999999999995,375537.5,275537.5,0.005529188896103543,Tuesday
2021-07-28,752.4999999999998,376290.0,276290.0,0.002003794561129091,Wednesday
2021-07-29,1327.5,377617.5,277617.5,0.003527864147333082,Thursday
2021-07-30,-577.4999999999987,377040.0,277040.0,-0.001529325309340801,Friday
2021-08-02,47.50000000000012,377087.5,277087.5,0.0001259813282410427,Monday
2021-08-03,-3202.5000000000005,373885.0,273885.0,-0.008492723837305705,Tuesday
2021-08-04,957.5000000000006,374842.5,274842.5,0.0025609478850447953,Wednesday
2021-08-05,669.9999999999997,375512.5,275512.5,0.0017874173819671935,Thursday
2021-08-06,1187.500000000001,376700.0,276700.0,0.0031623447954463035,Friday
2021-08-09,-1627.4999999999998,375072.5,275072.5,-0.004320414122644056,Monday
2021-08-10,-1304.9999999999989,373767.5,273767.5,-0.0034793273300495198,Tuesday
2021-08-11,-3285.0,370482.5,270482.5,-0.008788886139110552,Wednesday
2021-08-12,535.0,371017.5,271017.5,0.0014440628099843256,Thursday
2021-08-13,-692.5000000000006,370325.0,270325.0,-0.0018664887774835215,Friday
2021-08-16,67.4999999999991,370392.5,270392.5,0.00018227232836021123,Monday
2021-08-17,2435.000000000001,372827.5,272827.5,0.006574107197095058,Tuesday
2021-08-18,-2627.5000000000005,370200.0,270200.0,-0.007047495155266148,Wednesday
2021-08-20,880.0,371080.0,271080.0,0.002377093462992974,Friday
2021-08-23,239.9999999999996,371320.0,271320.0,0.0006467608062952213,Monday
2021-08-24,2522.4999999999995,373842.5,273842.5,0.006793331897016142,Tuesday
2021-08-25,602.5000000000001,374445.0,274445.0,0.001611641266041186,Wednesday
2021-08-26,575.0000000000005,375020.0,275020.0,0.001535606030258041,Thursday
2021-08-27,-225.0000000000004,374795.0,274795.0,-0.0005999680017065856,Friday
2021-08-30,-259.99999999999966,374535.0,274535.0,-0.0006937125628676544,Monday
2021-08-31,-2647.4999999999995,371887.5,271887.5,-0.007068765268933519,Tuesday
2021-09-01,-484.99999999999966,371402.5,271402.5,-0.0013041578434338508,Wednesday
2021-09-02,-337.5,371065.0,271065.0,-0.0009087176311414202,Thursday
2021-09-03,-2350.000000000001,368715.0,268715.0,-0.0063331222292589695,Friday
2021-09-06,457.50000000000017,369172.5,269172.5,0.0012407957365445643,Monday
2021-09-07,-1015.0000000000018,368157.5,268157.5,-0.0027493922217933786,Tuesday
2021-09-08,-664.9999999999991,367492.5,267492.5,-0.0018062921439873092,Wednesday
2021-09-09,1989.9999999999998,369482.5,269482.5,0.005415076498159754,Thursday
2021-09-13,864.9999999999995,370347.5,270347.5,0.002341112231296405,Monday
2021-09-14,827.5000000000002,371175.0,271175.0,0.00223438797345743,Tuesday
2021-09-15,3495.0,374670.0,274670.0,0.009416043645180894,Wednesday
2021-09-16,-1552.5,373117.5,273117.5,-0.004143646408839796,Thursday
2021-09-17,109.99999999999966,373227.5,273227.5,0.00029481329607961015,Friday
2021-09-20,55.00000000000057,373282.5,273282.5,0.00014736320340813513,Monday
2021-09-21,2422.500000000001,375705.0,275705.0,0.006489722931024122,Tuesday
2021-09-22,-2352.499999999999,373352.5,273352.5,-0.0062615615975299965,Wednesday
2021-09-23,-2350.0,371002.5,271002.5,-0.0062943197112648175,Thursday
2021-09-24,660.000000000001,371662.5,271662.5,0.0017789637536134162,Friday
2021-09-27,-2690.0,368972.5,268972.5,-0.007237749302122176,Monday
2021-09-28,6559.999999999999,375532.5,275532.5,0.01777910277866246,Tuesday
2021-09-29,622.4999999999997,376155.0,276155.0,0.0016576461424777644,Wednesday
2021-09-30,-2467.5,373687.5,273687.5,-0.006559795828847137,Thursday
2021-10-01,-2647.5,371040.0,271040.0,-0.007084796788760617,Friday
2021-10-04,417.4999999999998,371457.5,271457.5,0.0011252156101768662,Monday
2021-10-05,3677.500000000001,375135.0,275135.0,0.009900190465934822,Tuesday
2021-10-06,-2802.5,372332.5,272332.5,-0.00747064390152874,Wednesday
2021-10-07,2505.0,374837.5,274837.5,0.00672785749296656,Thursday
2021-10-08,-834.9999999999995,374002.5,274002.5,-0.0022276319738553374,Friday
2021-10-11,505.00000000000034,374507.5,274507.5,0.001350258353888023,Monday
2021-10-12,392.49999999999926,374900.0,274900.0,0.0010480430966002263,Tuesday
2021-10-13,-69.99999999999976,374830.0,274830.0,-0.00018671645772205814,Wednesday
2021-10-14,-1447.4999999999998,373382.5,273382.5,-0.003861750660299368,Thursday
2021-10-18,759.9999999999997,374142.5,274142.5,0.0020354462247158533,Monday
2021-10-19,-2094.999999999999,372047.5,272047.5,-0.005599470789872885,Tuesday
2021-10-20,1812.500000000001,373860.0,273860.0,0.00487168977079544,Wednesday
2021-10-21,-475.00000000000017,373385.0,273385.0,-0.0012705290750548714,Thursday
2021-10-22,-2532.5000000000014,370852.5,270852.5,-0.006782543487285242,Friday
2021-10-25,607.4999999999992,371460.0,271460.0,0.0016381175804396353,Monday
2021-10-26,2359.9999999999995,373820.0,273820.0,0.006353308566198201,Tuesday
2021-10-27,674.9999999999999,374495.0,274495.0,0.0018056818789791151,Wednesday
2021-10-28,-1427.5000000000002,373067.5,273067.5,-0.003811799890519274,Thursday
2021-10-29,-1394.9999999999998,371672.5,271672.5,-0.003739269703203818,Friday
2021-11-01,-960.0000000000006,370712.5,270712.5,-0.00258291910216657,Monday
2021-11-02,1402.5000000000002,372115.0,272115.0,0.0037832552179923873,Tuesday
2021-11-03,-672.5000000000005,371442.5,271442.5,-0.0018072370100641333,Wednesday
2021-11-08,-2502.4999999999977,368940.0,268940.0,-0.006737247353224229,Monday
2021-11-09,722.4999999999998,369662.5,269662.5,0.00195831300482463,Tuesday
2021-11-10,-109.99999999999974,369552.5,269552.5,-0.000297568728231834,Wednesday
2021-11-11,1990.0000000000005,371542.5,271542.5,0.005384891185961305,Thursday
2021-11-12,1239.9999999999993,372782.5,272782.5,0.003337437843584423,Friday
2021-11-15,217.49999999999957,373000.0,273000.0,0.0005834501351325017,Monday
2021-11-16,1047.4999999999998,374047.5,274047.5,0.002808310991956997,Tuesday
2021-11-17,1252.5000000000002,375300.0,275300.0,0.0033485052032162788,Wednesday
2021-11-18,-829.9999999999998,374470.0,274470.0,-0.002211564082067685,Thursday
2021-11-22,-2730.0,371740.0,271740.0,-0.007290303629129191,Monday
2021-11-23,10.000000000000483,371750.0,271750.0,2.6900521870043548e-05,Tuesday
2021-11-24,-387.5000000000001,371362.5,271362.5,-0.001042367182246151,Wednesday
2021-11-25,-1554.9999999999998,369807.5,269807.5,-0.004187283314820434,Thursday
2021-11-26,-3087.5000000000005,366720.0,266720.0,-0.008348938298979869,Friday
2021-11-29,557.5000000000011,367277.5,267277.5,0.0015202334205932644,Monday
2021-11-30,-3122.5000000000005,364155.0,264155.0,-0.008501745955033946,Tuesday
2021-12-01,1007.5000000000002,365162.5,265162.5,0.0027666790240419292,Wednesday
2021-12-02,-1524.9999999999998,363637.5,263637.5,-0.004176222914455852,Thursday
2021-12-03,-54.99999999999975,363582.5,263582.5,-0.000151249527345243,Friday
2021-12-06,8547.499999999998,372130.0,272130.0,0.023509107286516784,Monday
2021-12-07,30.000000000000284,372160.0,272160.0,8.061698868666589e-05,Tuesday
2021-12-08,1762.4999999999993,373922.5,273922.5,0.0047358662940670815,Wednesday
2021-12-09,220.0000000000002,374142.5,274142.5,0.0005883572130589432,Thursday
2021-12-10,382.50000000000045,374525.0,274525.0,0.0010223377456450855,Friday
2021-12-13,-2602.5,371922.5,271922.5,-0.0069488018156331766,Monday
2021-12-14,505.0000000000008,372427.5,272427.5,0.0013578097587534366,Tuesday
2021-12-15,-1612.4999999999989,370815.0,270815.0,-0.004329701754032689,Wednesday
2021-12-16,-2419.9999999999995,368395.0,268395.0,-0.006526165338511136,Thursday
2021-12-17,-702.4999999999992,367692.5,267692.5,-0.0019069205608110984,Friday
2021-12-20,1370.000000000001,369062.5,269062.5,0.0037259394738811125,Monday
2021-12-21,394.99999999999966,369457.5,269457.5,0.0010702794242167801,Tuesday
2021-12-22,2390.0,371847.5,271847.5,0.006468944330538795,Wednesday
2021-12-23,2344.9999999999995,374192.5,274192.5,0.006306348704778086,Thursday
2021-12-24,857.4999999999998,375050.0,275050.0,0.002291601248020747,Friday
2021-12-27,-60.00000000000044,374990.0,274990.0,-0.0001599786695107852,Monday
2021-12-28,587.4999999999995,375577.5,275577.5,0.0015667084455586178,Tuesday
2021-12-29,895.0000000000003,376472.5,276472.5,0.00238299685151544,Wednesday
2021-12-30,2752.5,379225.0,279225.0,0.007311290997350506,Thursday
2021-12-31,335.0000000000004,379560.0,279560.0,0.0008833805788119875,Friday
2022-01-03,0.0,379560.0,279560.0,0.0,Monday
2022-01-04,0.0,379560.0,279560.0,0.0,Tuesday
2022-01-05,0.0,379560.0,279560.0,0.0,Wednesday
2022-01-06,1247.5000000000002,380807.5,280807.5,0.003286700389925068,Thursday
2022-01-07,0.0,380807.5,280807.5,0.0,Friday
2022-01-10,0.0,380807.5,280807.5,0.0,Monday
2022-01-11,0.0,380807.5,280807.5,0.0,Tuesday
2022-01-12,0.0,380807.5,280807.5,0.0,Wednesday
2022-01-13,3690.0,384497.5,284497.5,0.009689935203482047,Thursday
2022-01-14,0.0,384497.5,284497.5,0.0,Friday
2022-01-17,0.0,384497.5,284497.5,0.0,Monday
2022-01-18,0.0,384497.5,284497.5,0.0,Tuesday
2022-01-19,0.0,384497.5,284497.5,0.0,Wednesday
2022-01-20,-1864.9999999999995,382632.5,282632.5,-0.004850486674165655,Thursday
2022-01-21,0.0,382632.5,282632.5,0.0,Friday
2022-01-24,0.0,382632.5,282632.5,0.0,Monday
2022-01-25,0.0,382632.5,282632.5,0.0,Tuesday
2022-01-27,2590.0000000000005,385222.5,285222.5,0.006768897048734734,Thursday
2022-01-28,0.0,385222.5,285222.5,0.0,Friday
2022-01-31,0.0,385222.5,285222.5,0.0,Monday
2022-02-01,0.0,385222.5,285222.5,0.0,Tuesday
2022-02-02,0.0,385222.5,285222.5,0.0,Wednesday
2022-02-03,887.4999999999999,386110.0,286110.0,0.002303863351699409,Thursday
2022-02-04,0.0,386110.0,286110.0,0.0,Friday
2022-02-07,0.0,386110.0,286110.0,0.0,Monday
2022-02-08,0.0,386110.0,286110.0,0.0,Tuesday
2022-02-09,0.0,386110.0,286110.0,0.0,Wednesday
2022-02-10,-1382.4999999999998,384727.5,284727.5,-0.003580585843412476,Thursday
2022-02-11,187.49999999999994,384915.0,284915.0,0.00048735793516185844,Friday
2022-02-14,2332.5000000000023,387247.5,287247.5,0.006059779431822676,Monday
2022-02-15,-2620.0000000000005,384627.5,284627.5,-0.006765698939308895,Tuesday
2022-02-16,944.9999999999999,385572.5,285572.5,0.0024569226069379724,Wednesday
2022-02-17,3787.5,389360.0,289360.0,0.009823055326819263,Thursday
2022-02-18,0.0,389360.0,289360.0,0.0,Friday
2022-02-21,0.0,389360.0,289360.0,0.0,Monday
2022-02-22,0.0,389360.0,289360.0,0.0,Tuesday
2022-02-23,0.0,389360.0,289360.0,0.0,Wednesday
2022-02-24,-730.0000000000003,388630.0,288630.0,-0.001874871584138127,Thursday
2022-02-25,-817.4999999999968,387812.5,287812.5,-0.002103543215912329,Friday
2022-02-28,-2960.0,384852.5,284852.5,-0.007632554391619695,Monday
2022-03-02,1869.9999999999995,386722.5,286722.5,0.00485900442377285,Wednesday
2022-03-03,1917.499999999999,388640.0,288640.0,0.0049583357575522236,Thursday
2022-03-04,399.9999999999995,389040.0,289040.0,0.0010292301358583167,Friday
2022-03-07,282.5000000000001,389322.5,289322.5,0.0007261464116801175,Monday
2022-03-08,442.4999999999991,389765.0,289765.0,0.0011365898451798362,Tuesday
2022-03-09,-357.5000000000003,389407.5,289407.5,-0.0009172193501212345,Wednesday
2022-03-10,1435.0000000000002,390842.5,290842.5,0.003685085675031896,Thursday
2022-03-11,-2319.9999999999973,388522.5,288522.5,-0.005935894893723148,Friday
2022-03-14,-1489.9999999999989,387032.5,287032.5,-0.0038350417286000527,Monday
2022-03-15,2954.9999999999995,389987.5,289987.5,0.007635017731069116,Tuesday
2022-03-16,-524.9999999999994,389462.5,289462.5,-0.0013461969934933649,Wednesday
2022-03-17,-232.4999999999997,389230.0,289230.0,-0.0005969766023686818,Thursday
2022-03-21,59.99999999999929,389290.0,289290.0,0.00015415050227374216,Monday
2022-03-22,905.0000000000003,390195.0,290195.0,0.0023247450486783006,Tuesday
2022-03-23,242.49999999999952,390437.5,290437.5,0.0006214841297300655,Wednesday
2022-03-24,2227.4999999999995,392665.0,292665.0,0.0057051384664639215,Thursday
2022-03-25,0.0,392665.0,292665.0,0.0,Friday
2022-03-28,0.0,392665.0,292665.0,0.0,Monday
2022-03-29,0.0,392665.0,292665.0,0.0,Tuesday
2022-03-30,0.0,392665.0,292665.0,0.0,Wednesday
2022-03-31,-1502.4999999999995,391162.5,291162.5,-0.0038264169202755216,Thursday
2022-04-01,5467.500000000002,396630.0,296630.0,0.013977566867989566,Friday
2022-04-04,227.49999999999932,396857.5,296857.5,0.0005735824319894611,Monday
2022-04-05,512.5000000000005,397370.0,297370.0,0.0012913955261020238,Tuesday
2022-04-06,1825.0,399195.0,299195.0,0.004592696982661071,Wednesday
2022-04-07,-27.500000000000114,399167.5,299167.5,-6.888863838472314e-05,Thursday
2022-04-08,-569.9999999999998,398597.5,298597.5,-0.0014279719666555613,Friday
2022-04-11,2805.000000000001,401402.5,301402.5,0.007037174091658827,Monday
2022-04-12,1212.5000000000002,402615.0,302615.0,0.0030206588150298863,Tuesday
2022-04-13,-1777.5000000000002,400837.5,300837.5,-0.00441488767184528,Wednesday
2022-04-18,702.4999999999997,401540.0,301540.0,0.0017525805345057766,Monday
2022-04-19,-1652.5000000000005,399887.5,299887.5,-0.0041154056881007595,Tuesday
2022-04-20,172.50000000000023,400060.0,300060.0,0.00043137132318471494,Wednesday
2022-04-21,-1949.999999999999,398110.0,298110.0,-0.004874268859671016,Thursday
2022-04-22,4700.000000000001,402810.0,302810.0,0.011805782321469005,Friday
2022-04-25,20.00000000000071,402830.0,302830.0,4.96512003178573e-05,Monday
2022-04-26,-1932.5000000000005,400897.5,300897.5,-0.004797309038552244,Tuesday
2022-04-27,755.0,401652.5,301652.5,0.0018832744030581328,Wednesday
2022-04-28,6545.0,408197.5,308197.5,0.016295180535413012,Thursday
2022-04-29,-452.50000000000006,407745.0,307745.0,-0.0011085320218766626,Friday
2022-05-02,-2442.5000000000014,405302.5,305302.5,-0.005990263522544725,Monday
2022-05-04,10805.0,416107.5,316107.5,0.026659100301626548,Wednesday
2022-05-05,2265.000000000001,418372.5,318372.5,0.00544330491519629,Thursday
2022-05-06,-1414.9999999999995,416957.5,316957.5,-0.003382153463719506,Friday
2022-05-09,187.50000000000094,417145.0,317145.0,0.0004496861190887991,Monday
2022-05-10,1779.999999999999,418925.0,318925.0,0.004267101367629866,Tuesday
2022-05-11,1020.0000000000003,419945.0,319945.0,0.0024348033657575208,Wednesday
2022-05-12,-710.0000000000001,419235.0,319235.0,-0.001690697591351209,Thursday
2022-05-13,-1224.9999999999995,418010.0,318010.0,-0.002921988860662861,Friday
2022-05-16,477.4999999999985,418487.5,318487.5,0.0011423171694457945,Monday
2022-05-17,5150.000000000001,423637.5,323637.5,0.012306221810687301,Tuesday
2022-05-18,-157.50000000000009,423480.0,323480.0,-0.00037178011861560556,Wednesday
2022-05-19,-1322.5000000000002,422157.5,322157.5,-0.0031229337867195728,Thursday
2022-05-20,2460.0000000000027,424617.5,324617.5,0.005827209039280357,Friday
2022-05-23,677.4999999999994,425295.0,325295.0,0.0015955536453395869,Monday
2022-05-24,802.5,426097.5,326097.5,0.001886925545797613,Tuesday
2022-05-25,194.9999999999997,426292.5,326292.5,0.0004576417369264174,Wednesday
2022-05-26,3300.0,429592.5,329592.5,0.007741163637643211,Thursday
2022-05-27,3257.4999999999995,432850.0,332850.0,0.007582767390026612,Friday
2022-05-30,862.5000000000007,433712.5,333712.5,0.001992607138731728,Monday
2022-05-31,-612.5000000000013,433100.0,333100.0,-0.001412225840850767,Tuesday
2022-06-01,6717.5,439817.5,339817.5,0.015510274763333998,Wednesday
2022-06-02,240.00000000000045,440057.5,340057.5,0.000545680879000976,Thursday
2022-06-03,192.49999999999926,440250.0,340250.0,0.00043744283417512797,Friday
2022-06-06,84.99999999999939,440335.0,340335.0,0.00019307211811470104,Monday
2022-06-07,369.99999999999994,440705.0,340705.0,0.0008402693403886108,Tuesday
2022-06-08,287.4999999999993,440992.5,340992.5,0.0006523638261421993,Wednesday
2022-06-09,-1565.0000000000002,439427.5,339427.5,-0.00354881318843292,Thursday
2022-06-10,9.99999999999929,439437.5,339437.5,2.275688253461361e-05,Friday
2022-06-13,174.99999999999898,439612.5,339612.5,0.00039823638173808185,Monday
2022-06-14,572.5000000000002,440185.0,340185.0,0.0013022832608262647,Tuesday
2022-06-15,-1747.5000000000007,438437.5,338437.5,-0.003969921737451254,Wednesday
2022-06-16,-1317.5000000000018,437120.0,337120.0,-0.0030049893086243618,Thursday
2022-06-17,-289.99999999999943,436830.0,336830.0,-0.0006634333821375904,Friday
2022-06-20,-2237.5000000000005,434592.5,334592.5,-0.0051221298903463275,Monday
2022-06-21,-1072.4999999999998,433520.0,333520.0,-0.0024678290582557105,Tuesday
2022-06-22,565.0000000000005,434085.0,334085.0,0.0013032847388816382,Wednesday
2022-06-23,1752.4999999999998,435837.5,335837.5,0.004037227731895854,Thursday
2022-06-24,0.0,435837.5,335837.5,0.0,Friday
2022-06-27,0.0,435837.5,335837.5,0.0,Monday
2022-06-28,0.0,435837.5,335837.5,0.0,Tuesday
2022-06-29,0.0,435837.5,335837.5,0.0,Wednesday
2022-06-30,-317.50000000000045,435520.0,335520.0,-0.0007284825192875877,Thursday
2022-07-01,-182.5000000000004,435337.5,335337.5,-0.00041903930933140376,Friday
2022-07-04,3189.999999999999,438527.5,338527.5,0.007327648089126226,Monday
2022-07-05,-204.99999999999932,438322.5,338322.5,-0.0004674735335867819,Tuesday
2022-07-06,-1710.0000000000007,436612.5,336612.5,-0.0039012371028180892,Wednesday
2022-07-07,-1185.0000000000002,435427.5,335427.5,-0.0027140771278879594,Thursday
2022-07-08,662.5,436090.0,336090.0,0.0015214932451441676,Friday
2022-07-11,-2297.500000000001,433792.5,333792.5,-0.00526840789745231,Monday
2022-07-12,37.49999999999973,433830.0,333830.0,8.644686111436428e-05,Tuesday
2022-07-13,3435.0,437265.0,337265.0,0.007917848004978856,Wednesday
2022-07-14,-1485.0000000000005,435780.0,335780.0,-0.0033961099104662384,Thursday
2022-07-15,4619.999999999999,440400.0,340400.0,0.010601679746661263,Friday
2022-07-18,-655.0000000000006,439745.0,339745.0,-0.0014872842870118363,Monday
2022-07-19,-177.49999999999946,439567.5,339567.5,-0.00040364302038686795,Tuesday
2022-07-20,502.5000000000006,440070.0,340070.0,0.0011431691378456232,Wednesday
2022-07-21,-1417.4999999999998,438652.5,338652.5,-0.003221078464789695,Thursday
2022-07-22,-424.999999999999,438227.5,338227.5,-0.0009688762744997081,Friday
2022-07-25,617.4999999999998,438845.0,338845.0,0.0014090854636006345,Monday
2022-07-26,2612.5,441457.5,341457.5,0.005953126958265553,Tuesday
2022-07-27,4652.5,446110.0,346110.0,0.01053895335338062,Wednesday
2022-07-28,-1597.4999999999993,444512.5,344512.5,-0.0035809553697518925,Thursday
2022-07-29,2029.999999999999,446542.5,346542.5,0.004566800708641461,Friday
2022-08-01,-229.99999999999918,446312.5,346312.5,-0.0005150685545048939,Monday
2022-08-02,1769.9999999999982,448082.5,348082.5,0.003965831116090168,Tuesday
2022-08-03,-232.49999999999955,447850.0,347850.0,-0.0005188776620377311,Wednesday
2022-08-04,2485.0,450335.0,350335.0,0.005548732834654402,Thursday
2022-08-05,-677.4999999999986,449657.5,349657.5,-0.0015044355868408799,Friday
2022-08-08,-27.50000000000042,449630.0,349630.0,-6.115765888481395e-05,Monday
2022-08-10,1404.9999999999998,451035.0,351035.0,0.003124791495229484,Wednesday
2022-08-11,1282.5,452317.5,352317.5,0.0028434600419036116,Thursday
2022-08-12,2210.0,454527.5,354527.5,0.004885948476457402,Friday
2022-08-16,1202.5000000000005,455730.0,355730.0,0.0026456045013778517,Tuesday
2022-08-17,-365.0000000000001,455365.0,355365.0,-0.0008009128211879935,Wednesday
2022-08-18,3197.5,458562.5,358562.5,0.007021839623159387,Thursday
2022-08-19,4857.499999999999,463420.0,363420.0,0.010592885375493966,Friday
2022-08-22,354.9999999999994,463775.0,363775.0,0.0007660437615986115,Monday
2022-08-23,-1337.4999999999995,462437.5,362437.5,-0.0028839415664924095,Tuesday
2022-08-24,-1869.999999999999,460567.5,360567.5,-0.004043789701311029,Wednesday
2022-08-25,-1924.9999999999998,458642.5,358642.5,-0.004179626221997856,Thursday
2022-08-26,289.9999999999997,458932.5,358932.5,0.0006323007571256145,Friday
2022-08-29,359.999999999999,459292.5,359292.5,0.000784429082708149,Monday
2022-08-30,-2990.000000000001,456302.5,356302.5,-0.006510012682549804,Tuesday
2022-09-01,1070.0,457372.5,357372.5,0.0023449356512401653,Thursday
2022-09-02,-714.9999999999983,456657.5,356657.5,-0.001563277197470292,Friday
2022-09-05,344.9999999999997,457002.5,357002.5,0.0007554896174923886,Monday
2022-09-06,-517.5000000000013,456485.0,356485.0,-0.001132378925717048,Tuesday
2022-09-07,182.4999999999996,456667.5,356667.5,0.0003997940786664156,Wednesday
2022-09-08,3400.0,460067.5,360067.5,0.007445241888244691,Thursday
2022-09-09,117.49999999999928,460185.0,360185.0,0.00025539730583012954,Friday
2022-09-12,169.99999999999986,460355.0,360355.0,0.000369416647652665,Monday
2022-09-13,192.49999999999974,460547.5,360547.5,0.00041815555386603975,Tuesday
2022-09-14,-927.4999999999991,459620.0,359620.0,-0.0020139073602614133,Wednesday
2022-09-15,-492.50000000000045,459127.5,359127.5,-0.0010715373569470943,Thursday
2022-09-16,-1227.5,457900.0,357900.0,-0.0026735492864182753,Friday
2022-09-19,194.99999999999915,458095.0,358095.0,0.0004258571740554107,Monday
2022-09-20,422.50000000000017,458517.5,358517.5,0.0009222977766620843,Tuesday
2022-09-21,-239.99999999999858,458277.5,358277.5,-0.0005234260415359904,Wednesday
2022-09-22,234.99999999999983,458512.5,358512.5,0.0005127897398409242,Thursday
2022-09-23,0.0,458512.5,358512.5,0.0,Friday
2022-09-26,0.0,458512.5,358512.5,0.0,Monday
2022-09-27,0.0,458512.5,358512.5,0.0,Tuesday
2022-09-28,0.0,458512.5,358512.5,0.0,Wednesday
2022-09-29,787.4999999999989,459300.0,359300.0,0.0017175104277418196,Thursday
2022-09-30,8149.999999999999,467450.0,367450.0,0.017744393642499467,Friday
2022-10-03,1280.0000000000005,468730.0,368730.0,0.0027382607765535916,Monday
2022-10-04,39.99999999999952,468770.0,368770.0,8.533697437762555e-05,Tuesday
2022-10-06,-1612.5000000000005,467157.5,367157.5,-0.0034398532329287246,Thursday
2022-10-07,-7.500000000000384,467150.0,367150.0,-1.605454263287065e-05,Friday
2022-10-10,-1642.4999999999998,465507.5,365507.5,-0.003516001284384007,Monday
2022-10-11,62.49999999999835,465570.0,365570.0,0.00013426206881739233,Tuesday
2022-10-12,-324.99999999999955,465245.0,365245.0,-0.0006980690336576556,Wednesday
2022-10-13,832.4999999999994,466077.5,366077.5,0.001789379789143286,Thursday
2022-10-14,414.9999999999995,466492.5,366492.5,0.0008904098567299457,Friday
2022-10-17,-202.49999999999946,466290.0,366290.0,-0.00043409058023435865,Monday
2022-10-18,512.5,466802.5,366802.5,0.0010991014175727454,Tuesday
2022-10-19,400.00000000000074,467202.5,367202.5,0.0008568934399451056,Wednesday
2022-10-20,1314.9999999999998,468517.5,368517.5,0.0028146253498215756,Thursday
2022-10-21,-1139.999999999999,467377.5,367377.5,-0.0024332068706077736,Friday
2022-10-25,-910.0000000000003,466467.5,366467.5,-0.0019470342496161752,Tuesday
2022-10-27,2137.4999999999995,468605.0,368605.0,0.004582312808502298,Thursday
2022-10-28,400.0,469005.0,369005.0,0.0008535973794561169,Friday
2022-10-31,-589.9999999999995,468415.0,368415.0,-0.001257982324282203,Monday
2022-11-01,927.5000000000002,469342.5,369342.5,0.001980081765101449,Tuesday
2022-11-02,200.00000000000023,469542.5,369542.5,0.00042612804082309275,Wednesday
2022-11-03,3087.5,472630.0,372630.0,0.006575549604135977,Thursday
2022-11-04,-2352.5000000000014,470277.5,370277.5,-0.004977466517148699,Friday
2022-11-07,-2027.5,468250.0,368250.0,-0.004311284294911011,Monday
2022-11-09,810.0000000000006,469060.0,369060.0,0.0017298451681793114,Wednesday
2022-11-10,1702.4999999999998,470762.5,370762.5,0.0036295996247814877,Thursday
2022-11-11,149.99999999999946,470912.5,370912.5,0.0003186320065851067,Friday
2022-11-14,-1457.4999999999995,469455.0,369455.0,-0.003095054813792353,Monday
2022-11-15,1859.9999999999998,471315.0,371315.0,0.003962041090200374,Tuesday
2022-11-16,-2707.5,468607.5,368607.5,-0.005744565736291007,Wednesday
2022-11-17,500.00000000000045,469107.5,369107.5,0.0010669910319403009,Thursday
2022-11-18,705.0000000000009,469812.5,369812.5,0.0015028538234840294,Friday
2022-11-21,347.4999999999997,470160.0,370160.0,0.0007396567779698326,Monday
2022-11-22,572.4999999999998,470732.5,370732.5,0.0012176705802280363,Tuesday
2022-11-23,1642.5000000000007,472375.0,372375.0,0.0034892428289952093,Wednesday
2022-11-24,-2642.5000000000005,469732.5,369732.5,-0.005594072505954006,Thursday
2022-11-25,812.5000000000014,470545.0,370545.0,0.0017297078656468567,Friday
2022-11-28,325.0000000000003,470870.0,370870.0,0.0006906884570019312,Monday
2022-11-29,1122.5000000000005,471992.5,371992.5,0.0023838851487671953,Tuesday
2022-11-30,1562.5000000000007,473555.0,373555.0,0.0033104339581666586,Wednesday
2022-12-01,709.9999999999997,474265.0,374265.0,0.0014992978640284704,Thursday
2022-12-02,662.4999999999989,474927.5,374927.5,0.0013968983585126438,Friday
2022-12-05,-2092.4999999999995,472835.0,372835.0,-0.004405935642808667,Monday
2022-12-06,-3119.9999999999977,469715.0,369715.0,-0.006598496304207613,Tuesday
2022-12-07,3187.4999999999995,472902.5,372902.5,0.006786029826596929,Wednesday
2022-12-08,2542.5,475445.0,375445.0,0.0053763725080751,Thursday
2022-12-09,1920.0000000000007,477365.0,377365.0,0.004038321993080185,Friday
2022-12-12,1800.0,479165.0,379165.0,0.003770699569511704,Monday
2022-12-13,-1079.9999999999993,478085.0,378085.0,-0.0022539208832030866,Tuesday
2022-12-14,122.49999999999945,478207.5,378207.5,0.0002562305866111725,Wednesday
2022-12-15,-2285.0,475922.5,375922.5,-0.004778260483158436,Thursday
2022-12-16,915.0000000000007,476837.5,376837.5,0.001922581932982892,Friday
2022-12-19,-1380.0,475457.5,375457.5,-0.0028940676855322423,Monday
2022-12-20,-2185.0000000000005,473272.5,373272.5,-0.00459557373687447,Tuesday
2022-12-21,2674.999999999999,475947.5,375947.5,0.005652134869446268,Wednesday
2022-12-22,157.49999999999932,476105.0,376105.0,0.00033091885134384214,Thursday
2022-12-23,0.0,476105.0,376105.0,0.0,Friday
2022-12-26,0.0,476105.0,376105.0,0.0,Monday
2022-12-27,1395.0000000000048,477500.0,377500.0,0.002930025939656078,Tuesday
2022-12-28,0.0,477500.0,377500.0,0.0,Wednesday
2022-12-29,-1687.5000000000002,475812.5,375812.5,-0.003534031413612526,Thursday
2022-12-30,0.0,475812.5,375812.5,0.0,Friday
2023-01-02,387.5,476200.0,376200.0,0.0008143964271640769,Monday
2023-01-03,-3135.0000000000005,473065.0,373065.0,-0.006583368332633399,Tuesday
2023-01-04,1847.499999999999,474912.5,374912.5,0.0039053829811970253,Wednesday
2023-01-05,712.5,475625.0,375625.0,0.0015002763666991381,Thursday
2023-01-06,909.9999999999983,476535.0,376535.0,0.0019132720105123902,Friday
2023-01-09,1120.0000000000005,477655.0,377655.0,0.0023502995582695974,Monday
2023-01-10,-77.49999999999952,477577.5,377577.5,-0.00016225099705857726,Tuesday
2023-01-11,952.4999999999999,478530.0,378530.0,0.0019944406928718017,Wednesday
2023-01-12,-680.0000000000006,477850.0,377850.0,-0.0014210185359330163,Thursday
2023-01-13,-1287.5000000000005,476562.5,376562.5,-0.0026943601548603535,Friday
2023-01-16,674.9999999999992,477237.5,377237.5,0.0014163934426230096,Monday
2023-01-17,910.0000000000007,478147.5,378147.5,0.0019068074072134955,Tuesday
2023-01-18,474.99999999999966,478622.5,378622.5,0.0009934173032379867,Wednesday
2023-01-19,2570.0,481192.5,381192.5,0.005369576231790241,Thursday
2023-01-20,3602.4999999999995,484795.0,384795.0,0.007486608789621707,Friday
2023-01-23,-1914.9999999999995,482880.0,382880.0,-0.003950123247970838,Monday
2023-01-24,-1677.5000000000002,481202.5,381202.5,-0.0034739479787938565,Tuesday
2023-01-25,-2924.999999999999,478277.5,378277.5,-0.00607852203594117,Wednesday
2023-01-27,527.5000000000001,478805.0,378805.0,0.0011029161940505627,Friday
2023-01-30,-1537.499999999998,477267.5,377267.5,-0.003211119349213143,Monday
2023-01-31,-12.499999999998751,477255.0,377255.0,-2.6190763041666898e-05,Tuesday
2023-02-01,-1430.0,475825.0,375825.0,-0.0029963017673989567,Wednesday
2023-02-02,3437.4999999999995,479262.5,379262.5,0.0072242946461409385,Thursday
2023-02-03,4907.499999999999,484170.0,384170.0,0.010239691192196254,Friday
2023-02-06,267.4999999999999,484437.5,384437.5,0.0005524918933432765,Monday
2023-02-07,-294.9999999999986,484142.5,384142.5,-0.000608953683395641,Tuesday
2023-02-08,484.9999999999998,484627.5,384627.5,0.0010017711727434708,Wednesday
2023-02-09,-2512.5000000000005,482115.0,382115.0,-0.005184394199668763,Thursday
2023-02-10,552.4999999999994,482667.5,382667.5,0.0011459921388050631,Friday
2023-02-13,1962.500000000001,484630.0,384630.0,0.004065946018739552,Monday
2023-02-14,1945.0000000000005,486575.0,386575.0,0.004013371025318291,Tuesday
2023-02-15,1027.500000000001,487602.5,387602.5,0.002111699121409849,Wednesday
2023-02-16,-152.49999999999972,487450.0,387450.0,-0.0003127547541286191,Thursday
2023-02-17,-177.49999999999926,487272.5,387272.5,-0.0003641399117858546,Friday
2023-02-20,1379.9999999999993,488652.5,388652.5,0.002832090873176707,Monday
2023-02-21,-2525.000000000001,486127.5,386127.5,-0.0051672712203457705,Tuesday
2023-02-22,-1270.0000000000002,484857.5,384857.5,-0.002612483350561301,Wednesday
2023-02-23,649.9999999999999,485507.5,385507.5,0.0013406000732174572,Thursday
2023-02-24,357.49999999999955,485865.0,385865.0,0.000736342898925324,Friday
2023-02-27,940.0000000000006,486805.0,386805.0,0.001934693793543385,Monday
2023-02-28,-2.499999999999936,486802.5,386802.5,-5.135526545574365e-06,Tuesday
2023-03-01,1824.9999999999998,488627.5,388627.5,0.003748953631092622,Wednesday
2023-03-02,77.50000000000023,488705.0,388705.0,0.000158607528229604,Thursday
2023-03-03,-2985.0,485720.0,385720.0,-0.006107979251286588,Friday
2023-03-06,542.4999999999998,486262.5,386262.5,0.0011168986247220847,Monday
2023-03-08,-659.9999999999999,485602.5,385602.5,-0.0013572915863345747,Wednesday
2023-03-09,-2760.0000000000005,482842.5,382842.5,-0.0056836610190433845,Thursday
2023-03-10,39.99999999999977,482882.5,382882.5,8.284274892944588e-05,Friday
2023-03-13,6562.5,489445.0,389445.0,0.013590262641532957,Monday
2023-03-14,472.50000000000136,489917.5,389917.5,0.0009653791539396828,Tuesday
2023-03-15,895.0000000000002,490812.5,390812.5,0.0018268381921446863,Wednesday
2023-03-16,-1529.9999999999998,489282.5,389282.5,-0.003117280020374369,Thursday
2023-03-17,282.5,489565.0,389565.0,0.00057737605575503,Friday
2023-03-20,-2832.5000000000005,486732.5,386732.5,-0.0057857485727125235,Monday
2023-03-21,799.9999999999998,487532.5,387532.5,0.0016436132783408386,Tuesday
2023-03-22,89.99999999999929,487622.5,387622.5,0.00018460307774348372,Wednesday
2023-03-23,-2907.4999999999995,484715.0,384715.0,-0.005962604268670901,Thursday
2023-03-24,2467.5000000000014,487182.5,387182.5,0.0050906202613907325,Friday
2023-03-27,1297.4999999999993,488480.0,388480.0,0.0026632730034432672,Monday
2023-03-28,1225.0000000000011,489705.0,389705.0,0.002507779233540841,Tuesday
2023-03-29,557.5000000000003,490262.5,390262.5,0.0011384404896825906,Wednesday
2023-03-31,-1162.4999999999998,489100.0,389100.0,-0.0023711787052854705,Friday
2023-04-03,1185.0,490285.0,390285.0,0.002422817419750478,Monday
2023-04-05,-357.5000000000002,489927.5,389927.5,-0.0007291677289739118,Wednesday
2023-04-06,812.4999999999998,490740.0,390740.0,0.0016584086420949884,Thursday
2023-04-10,785.0000000000006,491525.0,391525.0,0.0015996250560377234,Monday
2023-04-11,514.9999999999997,492040.0,392040.0,0.001047759523930658,Tuesday
2023-04-12,1572.5000000000002,493612.5,393612.5,0.0031958783838712534,Wednesday
2023-04-13,1672.4999999999998,495285.0,395285.0,0.003388285345286013,Thursday
2023-04-17,-1559.9999999999995,493725.0,393725.0,-0.0031497016869075356,Monday
2023-04-18,729.9999999999998,494455.0,394455.0,0.0014785558762469009,Tuesday
2023-04-19,367.5000000000003,494822.5,394822.5,0.0007432425599902537,Wednesday
2023-04-20,-819.9999999999995,494002.5,394002.5,-0.0016571598906678364,Thursday
2023-04-21,-1727.4999999999986,492275.0,392275.0,-0.0034969458656586294,Friday
2023-04-24,1095.0000000000005,493370.0,393370.0,0.0022243664618353254,Monday
2023-04-25,355.00000000000006,493725.0,393725.0,0.0007195411151874609,Tuesday
2023-04-26,-1302.499999999999,492422.5,392422.5,-0.002638108258645966,Wednesday
2023-04-27,-455.0,491967.5,391967.5,-0.00092400326955,Thursday
2023-04-28,-1949.9999999999995,490017.5,390017.5,-0.003963676462367949,Friday
2023-05-02,-1614.9999999999993,488402.5,388402.5,-0.0032958006601805367,Tuesday
2023-05-03,-2800.0000000000005,485602.5,385602.5,-0.005732976387303523,Wednesday
2023-05-04,5510.0,491112.5,391112.5,0.011346729063379968,Thursday
2023-05-05,-1319.9999999999998,489792.5,389792.5,-0.0026877752042556713,Friday
2023-05-08,-317.49999999999955,489475.0,389475.0,-0.0006482336907975839,Monday
2023-05-09,-815.0000000000006,488660.0,388660.0,-0.0016650492875018852,Tuesday
2023-05-10,-107.49999999999991,488552.5,388552.5,-0.00021998935865430447,Wednesday
2023-05-11,2477.5,491030.0,391030.0,0.005071102900916502,Thursday
2023-05-12,-2099.9999999999995,488930.0,388930.0,-0.0042767244363888235,Friday
2023-05-15,425.00000000000045,489355.0,389355.0,0.0008692450862086698,Monday
2023-05-16,-390.0000000000001,488965.0,388965.0,-0.0007969674367279689,Tuesday
2023-05-17,2512.5,491477.5,391477.5,0.005138404589285495,Wednesday
2023-05-18,-2880.000000000001,488597.5,388597.5,-0.005859881683291657,Thursday
2023-05-19,-605.0000000000007,487992.5,387992.5,-0.0012382380180004926,Friday
2023-05-22,-695.0000000000002,487297.5,387297.5,-0.0014242022162226364,Monday
2023-05-23,445.00000000000017,487742.5,387742.5,0.000913199841985568,Tuesday
2023-05-24,-327.50000000000034,487415.0,387415.0,-0.0006714608630579155,Wednesday
2023-05-25,-1387.5000000000002,486027.5,386027.5,-0.002846650185160504,Thursday
2023-05-26,3265.0,489292.5,389292.5,0.006717726877594421,Friday
2023-05-29,574.9999999999998,489867.5,389867.5,0.0011751661838266259,Monday
2023-05-30,852.4999999999995,490720.0,390720.0,0.0017402665006354123,Tuesday
2023-05-31,602.4999999999995,491322.5,391322.5,0.001227787740462949,Wednesday
2023-06-01,-7.5000000000001705,491315.0,391315.0,-1.5264922734070652e-05,Thursday
2023-06-02,872.4999999999998,492187.5,392187.5,0.0017758464528865314,Friday
2023-06-05,702.4999999999998,492890.0,392890.0,0.0014273015873016437,Monday
2023-06-06,1007.5000000000001,493897.5,393897.5,0.002044066627442165,Tuesday
2023-06-07,-762.5,493135.0,393135.0,-0.0015438425989198201,Wednesday
2023-06-08,-2247.4999999999995,490887.5,390887.5,-0.0045575755117767125,Thursday
2023-06-09,-952.4999999999995,489935.0,389935.0,-0.001940363117822308,Friday
2023-06-12,364.99999999999926,490300.0,390300.0,0.0007449967852879436,Monday
2023-06-13,259.9999999999995,490560.0,390560.0,0.0005302875790331729,Tuesday
2023-06-14,2147.5,492707.5,392707.5,0.00437765003261581,Wednesday
2023-06-15,-1205.0000000000002,491502.5,391502.5,-0.0024456700983849222,Thursday
2023-06-16,692.4999999999999,492195.0,392195.0,0.0014089450206256071,Friday
2023-06-19,464.9999999999998,492660.0,392660.0,0.0009447475086092894,Monday
2023-06-20,-1362.4999999999995,491297.5,391297.5,-0.002765598993220486,Tuesday
2023-06-21,-2742.4999999999986,488555.0,388555.0,-0.005582157450424674,Wednesday
2023-06-22,-2119.9999999999995,486435.0,386435.0,-0.004339327199598841,Thursday
2023-06-23,0.0,486435.0,386435.0,0.0,Friday
2023-06-26,0.0,486435.0,386435.0,0.0,Monday
2023-06-27,0.0,486435.0,386435.0,0.0,Tuesday
2023-06-28,-3045.0000000000005,483390.0,383390.0,-0.006259829165253361,Wednesday
2023-06-30,-697.5000000000001,482692.5,382692.5,-0.0014429342766709707,Friday
2023-07-03,862.5,483555.0,383555.0,0.0017868518777481857,Monday
2023-07-04,-804.9999999999998,482750.0,382750.0,-0.0016647537508659438,Tuesday
2023-07-05,-2115.0,480635.0,380635.0,-0.004381149663386874,Wednesday
2023-07-06,1680.0,482315.0,382315.0,0.0034953759089537684,Thursday
2023-07-07,-3095.000000000001,479220.0,379220.0,-0.0064169681639592024,Friday
2023-07-10,669.9999999999997,479890.0,379890.0,0.0013981052543716732,Monday
2023-07-11,842.4999999999999,480732.5,380732.5,0.001755610660776341,Tuesday
2023-07-12,277.49999999999955,481010.0,381010.0,0.0005772441014493257,Wednesday
2023-07-13,0.0,481010.0,381010.0,0.0,Thursday
2023-07-14,0.0,481010.0,381010.0,0.0,Friday
2023-07-17,-1590.0000000000005,479420.0,379420.0,-0.0033055445832727015,Monday
2023-07-18,572.5,479992.5,379992.5,0.0011941512661133302,Tuesday
2023-07-19,869.9999999999998,480862.5,380862.5,0.001812528320755069,Wednesday
2023-07-20,8390.0,489252.5,389252.5,0.01744781512386595,Thursday
2023-07-21,-2397.499999999999,486855.0,386855.0,-0.0049003326503186395,Friday
2023-07-24,872.4999999999999,487727.5,387727.5,0.0017921146953405742,Monday
2023-07-25,709.9999999999999,488437.5,388437.5,0.0014557309153164777,Tuesday
2023-07-26,-3250.0,485187.5,385187.5,-0.006653870761356373,Wednesday
2023-07-27,-3790.0,481397.5,381397.5,-0.007811413113487098,Thursday
2023-07-28,329.99999999999943,481727.5,381727.5,0.0006855041831335118,Friday
2023-07-31,-195.00000000000023,481532.5,381532.5,-0.00040479316626096384,Monday
2023-08-01,520.0000000000003,482052.5,382052.5,0.0010798855736633417,Tuesday
2023-08-02,3962.5,486015.0,386015.0,0.008220059018468007,Wednesday
2023-08-03,4677.499999999999,490692.5,390692.5,0.009624188553851276,Thursday
2023-08-04,307.5000000000001,491000.0,391000.0,0.0006266653759736673,Friday
2023-08-07,207.50000000000037,491207.5,391207.5,0.00042260692464357597,Monday
2023-08-08,560.0000000000005,491767.5,391767.5,0.0011400477394991615,Tuesday
2023-08-09,527.5,492295.0,392295.0,0.001072661369448058,Wednesday
2023-08-10,492.5000000000001,492787.5,392787.5,0.0010004164169856722,Thursday
2023-08-11,707.5,493495.0,393495.0,0.0014357101184587773,Friday
2023-08-14,-1562.5000000000002,491932.5,391932.5,-0.0031661921600015797,Monday
2023-08-16,485.00000000000034,492417.5,392417.5,0.0009859076194396188,Wednesday
2023-08-17,-957.5,491460.0,391460.0,-0.0019444881629917532,Thursday
2023-08-18,552.4999999999997,492012.5,392012.5,0.0011242013592154265,Friday
2023-08-21,1770.0000000000002,493782.5,393782.5,0.0035974695764844355,Monday
2023-08-22,-132.49999999999972,493650.0,393650.0,-0.0002683367677064341,Tuesday
2023-08-23,1094.9999999999989,494745.0,394745.0,0.0022181707687631835,Wednesday
2023-08-24,-2352.5000000000005,492392.5,392392.5,-0.004754974784990207,Thursday
2023-08-25,22.500000000000888,492415.0,392415.0,4.569525327857704e-05,Friday
2023-08-28,855.0000000000001,493270.0,393270.0,0.0017363402820791407,Monday
2023-08-29,692.5,493962.5,393962.5,0.0014038964461653425,Tuesday
2023-08-30,-1499.9999999999995,492462.5,392462.5,-0.0030366677632411854,Wednesday
2023-08-31,-1040.0000000000002,491422.5,391422.5,-0.002111835926593364,Thursday
2023-09-01,-1699.9999999999993,489722.5,389722.5,-0.003459345064582897,Friday
2023-09-04,-385.0,489337.5,389337.5,-0.0007861595087013118,Monday
2023-09-05,547.4999999999999,489885.0,389885.0,0.0011188596827342856,Tuesday
2023-09-06,-2417.4999999999995,487467.5,387467.5,-0.004934831644161419,Wednesday
2023-09-07,7960.000000000001,495427.5,395427.5,0.016329293747788354,Thursday
2023-09-08,-14.99999999999983,495412.5,395412.5,-3.0276882086677226e-05,Friday
2023-09-11,-424.99999999999875,494987.5,394987.5,-0.000857870966114116,Monday
2023-09-12,727.4999999999995,495715.0,395715.0,0.001469734084194041,Tuesday
2023-09-13,22.500000000000448,495737.5,395737.5,4.538898358941168e-05,Wednesday
2023-09-14,685.0,496422.5,396422.5,0.0013817796717012776,Thursday
2023-09-15,1422.500000000001,497845.0,397845.0,0.0028655026716153387,Friday
2023-09-18,590.0000000000001,498435.0,398435.0,0.0011851078146811744,Monday
2023-09-20,129.99999999999943,498565.0,398565.0,0.00026081635519181745,Wednesday
2023-09-21,217.50000000000009,498782.5,398782.5,0.0004362520433645045,Thursday
2023-09-22,1212.5,499995.0,399995.0,0.0024309192884675035,Friday
2023-09-25,-182.49999999999932,499812.5,399812.5,-0.000365003650036555,Monday
2023-09-26,632.4999999999997,500445.0,400445.0,0.0012654745529574463,Tuesday
2023-09-27,-1087.5,499357.5,399357.5,-0.002173065971285526,Wednesday
2023-09-28,-2912.4999999999995,496445.0,396445.0,-0.005832494755761197,Thursday
2023-09-29,875.0000000000003,497320.0,397320.0,0.0017625315996736557,Friday
2023-10-03,-2757.4999999999986,494562.5,394562.5,-0.00554471969757897,Tuesday
2023-10-04,362.5000000000003,494925.0,394925.0,0.000732971060280585,Wednesday
2023-10-05,725.0,495650.0,395650.0,0.0014648684144062951,Thursday
2023-10-06,167.4999999999999,495817.5,395817.5,0.0003379400786844844,Friday
2023-10-09,110.00000000000021,495927.5,395927.5,0.00022185582396749837,Monday
2023-10-10,-95.00000000000063,495832.5,395832.5,-0.00019156025830391332,Tuesday
2023-10-11,360.00000000000017,496192.5,396192.5,0.0007260516404228312,Wednesday
2023-10-12,2132.5,498325.0,398325.0,0.004297727192571488,Thursday
2023-10-13,62.499999999999964,498387.5,398387.5,0.00012542015752781133,Friday
2023-10-16,-205.0000000000005,498182.5,398182.5,-0.00041132652805297987,Monday
2023-10-17,-2802.5,495380.0,395380.0,-0.005625448505316877,Tuesday
2023-10-18,2157.5,497537.5,397537.5,0.004355242440146956,Wednesday
2023-10-19,-1412.5000000000002,496125.0,396125.0,-0.0028389819862824073,Thursday
2023-10-20,187.5000000000001,496312.5,396312.5,0.00037792894935750887,Friday
2023-10-23,8780.0,505092.5,405092.5,0.017690467195567328,Monday
2023-10-25,-1340.0000000000005,503752.5,403752.5,-0.002652979404762501,Wednesday
2023-10-26,-1232.4999999999995,502520.0,402520.0,-0.002446637981945554,Thursday
2023-10-27,457.50000000000136,502977.5,402977.5,0.000910411525909316,Friday
2023-10-30,-2967.5,500010.0,400010.0,-0.005899866296206091,Monday
2023-10-31,197.50000000000045,500207.5,400207.5,0.00039499210015803143,Tuesday
2023-11-01,247.49999999999977,500455.0,400455.0,0.0004947946602160691,Wednesday
2023-11-02,1645.0000000000002,502100.0,402100.0,0.0032870088219720817,Thursday
2023-11-03,577.5000000000003,502677.5,402677.5,0.001150169288986147,Friday
2023-11-06,1829.9999999999995,504507.5,404507.5,0.003640505095215074,Monday
2023-11-07,245.00000000000017,504752.5,404752.5,0.00048562211661873356,Tuesday
2023-11-08,167.50000000000017,504920.0,404920.0,0.00033184580561762544,Wednesday
2023-11-09,989.9999999999998,505910.0,405910.0,0.001960706646597421,Thursday
2023-11-10,-412.49999999999994,505497.5,405497.5,-0.0008153624162400286,Friday
2023-11-13,410.0,505907.5,405907.5,0.0008110821517415268,Monday
2023-11-15,1275.0000000000005,507182.5,407182.5,0.002520223558654555,Wednesday
2023-11-16,319.9999999999999,507502.5,407502.5,0.000630936595801268,Thursday
2023-11-17,74.99999999999959,507577.5,407577.5,0.00014778252323877084,Friday
2023-11-20,-2444.9999999999995,505132.5,405132.5,-0.004816998389408522,Monday
2023-11-21,585.0000000000005,505717.5,405717.5,0.0011581119805199602,Tuesday
2023-11-22,819.9999999999997,506537.5,406537.5,0.0016214586206726445,Wednesday
2023-11-23,-99.99999999999993,506437.5,406437.5,-0.00019741874984580132,Thursday
2023-11-24,565.0000000000002,507002.5,407002.5,0.0011156361841293538,Friday
2023-11-28,1349.999999999999,508352.5,408352.5,0.0026627087637633995,Tuesday
2023-11-29,-1947.4999999999993,506405.0,406405.0,-0.0038310030933259576,Wednesday
2023-11-30,729.9999999999999,507135.0,407135.0,0.0014415339500992719,Thursday
2023-12-01,-265.00000000000034,506870.0,406870.0,-0.0005225433070089602,Friday
2023-12-04,2182.5,509052.5,409052.5,0.00430583778878213,Monday
2023-12-05,1482.4999999999995,510535.0,410535.0,0.0029122732920474625,Tuesday
2023-12-06,-289.9999999999998,510245.0,410245.0,-0.0005680315747206288,Wednesday
2023-12-07,2500.0,512745.0,412745.0,0.004899607051514376,Thursday
2023-12-08,-1482.5000000000002,511262.5,411262.5,-0.0028913007440345417,Friday
2023-12-11,-1527.5000000000005,509735.0,409735.0,-0.002987702012175797,Monday
2023-12-12,-627.4999999999995,509107.5,409107.5,-0.0012310318106466545,Tuesday
2023-12-13,1015.0000000000001,510122.5,410122.5,0.001993685027229075,Wednesday
2023-12-14,1615.0,511737.5,411737.5,0.003165906228405957,Thursday
2023-12-15,-2705.000000000001,509032.5,409032.5,-0.0052859131879137156,Friday
2023-12-18,489.99999999999955,509522.5,409522.5,0.0009626104423587911,Monday
2023-12-19,-2922.499999999999,506600.0,406600.0,-0.005735762404996847,Tuesday
2023-12-20,-2184.9999999999995,504415.0,404415.0,-0.0043130675088827175,Wednesday
2023-12-21,-1530.0000000000002,502885.0,402885.0,-0.0030332166965693075,Thursday
2023-12-22,-295.00000000000017,502590.0,402590.0,-0.0005866152301221561,Friday
2023-12-26,2397.5000000000005,504987.5,404987.5,0.004770289898326618,Tuesday
2023-12-27,-1102.5000000000007,503885.0,403885.0,-0.0021832223569890896,Wednesday
2023-12-28,2322.5,506207.5,406207.5,0.004609186619962902,Thursday
2023-12-29,-1580.0000000000005,504627.5,404627.5,-0.0031212496851587,Friday
2024-01-01,5262.500000000002,509890.0,409890.0,0.010428484377090097,Monday
2024-01-02,435.00000000000006,510325.0,410325.0,0.0008531251838632681,Tuesday
2024-01-03,52.499999999999595,510377.5,410377.5,0.0001028756184784374,Wednesday
2024-01-04,262.4999999999999,510640.0,410640.0,0.0005143251808710225,Thursday
2024-01-05,22.50000000000091,510662.5,410662.5,4.406235312548468e-05,Friday
2024-01-08,5587.499999999999,516250.0,416250.0,0.010941668910483981,Monday
2024-01-09,-1464.999999999999,514785.0,414785.0,-0.0028377723970944846,Tuesday
2024-01-10,-297.5000000000005,514487.5,414487.5,-0.0005779111667978398,Wednesday
2024-01-11,-49.9999999999999,514437.5,414437.5,-9.718409096426406e-05,Thursday
2024-01-12,-3160.0,511277.5,411277.5,-0.006142631515004271,Friday
2024-01-15,-210.00000000000057,511067.5,411067.5,-0.0004107358528392391,Monday
2024-01-16,1072.5000000000002,512140.0,412140.0,0.0020985486261599906,Tuesday
2024-01-17,-1452.5,510687.5,410687.5,-0.002836138555863621,Wednesday
2024-01-18,-1062.499999999999,509625.0,409625.0,-0.0020805286990576155,Thursday
2024-01-19,2207.499999999999,511832.5,411832.5,0.004331616384596559,Friday
2024-01-20,0.0,511832.5,411832.5,0.0,Saturday
2024-01-23,9327.5,521160.0,421160.0,0.01822373530403021,Tuesday
2024-01-24,5800.000000000002,526960.0,426960.0,0.01112901987873216,Wednesday
2024-01-25,-805.0000000000007,526155.0,426155.0,-0.0015276301806588233,Thursday
2024-01-29,-272.4999999999991,525882.5,425882.5,-0.0005179082209615382,Monday
2024-01-30,747.4999999999992,526630.0,426630.0,0.0014214201841666885,Tuesday
2024-01-31,-1787.4999999999998,524842.5,424842.5,-0.0033942236484818533,Wednesday
2024-02-01,1624.9999999999998,526467.5,426467.5,0.0030961669453217766,Thursday
2024-02-02,409.9999999999998,526877.5,426877.5,0.0007787755179569089,Friday
2024-02-05,407.5000000000026,527285.0,427285.0,0.0007734245626356273,Monday
2024-02-06,3117.4999999999986,530402.5,430402.5,0.005912362384668635,Tuesday
2024-02-07,747.4999999999999,531150.0,431150.0,0.0014093070828287146,Wednesday
2024-02-08,10067.5,541217.5,441217.5,0.01895415607643791,Thursday
2024-02-09,842.5000000000011,542060.0,442060.0,0.0015566754585725207,Friday
2024-02-12,244.9999999999994,542305.0,442305.0,0.00045197948566588764,Monday
2024-02-13,3207.500000000001,545512.5,445512.5,0.005914568370197548,Tuesday
2024-02-14,-2387.500000000002,543125.0,443125.0,-0.004376618317637138,Wednesday
2024-02-15,450.0,543575.0,443575.0,0.0008285385500574893,Thursday
2024-02-16,252.49999999999997,543827.5,443827.5,0.00046451731591767853,Friday
2024-02-19,175.00000000000057,544002.5,444002.5,0.00032179321567959995,Monday
2024-02-20,-1899.9999999999986,542102.5,442102.5,-0.0034926310081295764,Tuesday
2024-02-21,-1170.0000000000018,540932.5,440932.5,-0.002158263428041707,Wednesday
2024-02-22,2907.5,543840.0,443840.0,0.005374977469462472,Thursday
2024-02-23,-1707.4999999999998,542132.5,442132.5,-0.003139710208884927,Friday
2024-02-26,97.49999999999909,542230.0,442230.0,0.00017984533301351746,Monday
2024-02-27,799.9999999999995,543030.0,443030.0,0.0014753886727034704,Tuesday
2024-02-28,7222.500000000002,550252.5,450252.5,0.013300370145295837,Wednesday
2024-02-29,1805.0,552057.5,452057.5,0.0032803122202988977,Thursday
2024-03-01,-1022.5000000000002,551035.0,451035.0,-0.0018521621389075982,Friday
2024-03-04,182.50000000000102,551217.5,451217.5,0.0003311949331712416,Monday
2024-03-05,2090.0,553307.5,453307.5,0.003791606761396338,Tuesday
2024-03-06,1307.4999999999993,554615.0,454615.0,0.002363062130912752,Wednesday
2024-03-07,2522.5,557137.5,457137.5,0.004548200102773903,Thursday
2024-03-11,1307.500000000001,558445.0,458445.0,0.002346817437347104,Monday
2024-03-12,695.0000000000006,559140.0,459140.0,0.0012445272139602892,Tuesday
2024-03-13,3000.000000000001,562140.0,462140.0,0.005365382551775877,Wednesday
2024-03-14,-1482.5000000000002,560657.5,460657.5,-0.002637243391325983,Thursday
2024-03-15,2710.0000000000005,563367.5,463367.5,0.004833610537627653,Friday
2024-03-18,-980.000000000002,562387.5,462387.5,-0.0017395394658016317,Monday
2024-03-19,997.5000000000011,563385.0,463385.0,0.0017736880709475766,Tuesday
2024-03-20,-657.4999999999995,562727.5,462727.5,-0.0011670527259334262,Wednesday
2024-03-21,2237.5,564965.0,464965.0,0.003976169638057581,Thursday
2024-03-22,4142.5,569107.5,469107.5,0.007332312621135761,Friday
2024-03-26,372.50000000000017,569480.0,469480.0,0.0006545336338037444,Tuesday
2024-03-27,2974.999999999998,572455.0,472455.0,0.005224064058439337,Wednesday
2024-03-28,1987.5,574442.5,474442.5,0.003471888620066199,Thursday
2024-04-01,2022.5,576465.0,476465.0,0.0035208049543689057,Monday
2024-04-02,-337.5000000000012,576127.5,476127.5,-0.0005854648590981615,Tuesday
2024-04-03,5580.0,581707.5,481707.5,0.009685356106070353,Wednesday
2024-04-04,-847.4999999999995,580860.0,480860.0,-0.0014569177808434475,Thursday
2024-04-05,1662.4999999999995,582522.5,482522.5,0.002862135454326342,Friday
2024-04-08,214.9999999999995,582737.5,482737.5,0.00036908445596517403,Monday
2024-04-09,1507.5000000000005,584245.0,484245.0,0.0025869280765353775,Tuesday
2024-04-10,3975.0,588220.0,488220.0,0.0068036525772579015,Wednesday
2024-04-12,267.49999999999955,588487.5,488487.5,0.0004547618238073259,Friday
2024-04-15,3157.499999999999,591645.0,491645.0,0.0053654495634996024,Monday
2024-04-16,842.4999999999999,592487.5,492487.5,0.0014239958082971071,Tuesday
2024-04-18,-6122.500000000002,586365.0,486365.0,-0.01033355134074554,Thursday
2024-04-19,-3057.500000000001,583307.5,483307.5,-0.00521432895892493,Friday
2024-04-22,1822.500000000001,585130.0,485130.0,0.003124424081637933,Monday
2024-04-23,-504.9999999999987,584625.0,484625.0,-0.000863056073009405,Tuesday
2024-04-24,764.9999999999995,585390.0,485390.0,0.0013085311096856511,Wednesday
2024-04-25,-724.9999999999995,584665.0,484665.0,-0.001238490578930329,Thursday
2024-04-26,249.99999999999997,584915.0,484915.0,0.0004275952896102275,Friday
2024-04-29,1725.0000000000014,586640.0,486640.0,0.002949146457177587,Monday
2024-04-30,0.0,586640.0,486640.0,0.0,Tuesday
2024-05-02,0.0,586640.0,486640.0,0.0,Thursday
2024-05-03,0.0,586640.0,486640.0,0.0,Friday
2024-05-06,0.0,586640.0,486640.0,0.0,Monday
2024-05-07,0.0,586640.0,486640.0,0.0,Tuesday
2024-05-08,0.0,586640.0,486640.0,0.0,Wednesday
2024-05-09,0.0,586640.0,486640.0,0.0,Thursday
2024-05-10,0.0,586640.0,486640.0,0.0,Friday
2024-05-13,0.0,586640.0,486640.0,0.0,Monday
2024-05-14,0.0,586640.0,486640.0,0.0,Tuesday
2024-05-15,0.0,586640.0,486640.0,0.0,Wednesday
2024-05-16,0.0,586640.0,486640.0,0.0,Thursday
2024-05-17,0.0,586640.0,486640.0,0.0,Friday
